CC1=CC=C(C=C1)C(C2=CC=C(C=C2)OC3=CC=C(C=C3)C(CCC(NCC4=CC=[N+](C=C4)C)=O)(C5=CC=C(C=C5)OC)C)=O,0.198,0.802,0.247,1,0.00318
CC1=CC=C(C(C2=CC=C(OC3=CC=C(C(C)(CCC(NCC4=CC=[N+](C)C=C4)=O)C5=CC=C(OC)C=C5)C=C3)C=C2)=O)C=C1,0.502,0.498,1.008,1,0.00616
CC1=CC=C(C(C2=CC=C(OC3=CC=C(C(C)(CCC(NCC4=CC=[N+](C)C=C4)=O)C5=CC=C(OC)C=C5)C=C3)C=C2)=O)C=C1,0.7581,0.2419,3.134,1,0.01026
CC1=CC=C(C(C2=CC=C(OC3=CC=C(C(C)(CCC(NCC4=CC=[N+](C)C=C4)=O)C5=CC=C(OC)C=C5)C=C3)C=C2)=O)C=C1,0.967,0.033,29.303,1,0.01156
COC1=C(C[N+]2=C(CC)N=CC2)C=C(OC3=CC(C[N+]4=C(CC)N=CC4)=C(OC5=CC=C(C(C6=CC=C(C)C=C6)=O)C=C5)C(C[N+]7=C(CC)N=CC7)=C3)C=C1C[N+]8=C(CC)N=CC8,0.15,0.85,0.176,1,0.017
COC1=C(C[N+]2=C(CC)N=CC2)C=C(OC3=CC(C[N+]4=C(CC)N=CC4)=C(OC5=CC=C(C(C6=CC=C(C)C=C6)=O)C=C5)C(C[N+]7=C(CC)N=CC7)=C3)C=C1C[N+]8=C(CC)N=CC8,0.1,0.9,0.111,1,0.028
COC1=C(C[N+]2=C(CC)N=CC2)C=C(OC3=CC(C[N+]4=C(CC)N=CC4)=C(OC5=CC=C(C(C6=CC=C(C)C=C6)=O)C=C5)C(C[N+]7=C(CC)N=CC7)=C3)C=C1C[N+]8=C(CC)N=CC8,0.05,0.95,0.053,1,0.026
CC1=CC(C)=C(OC2=CC(C[N+](CC3=CC=CC=N3)(C)CC4=NC=CC=C4)=C(OC)C(C)=C2)C(C)=C1Br,0.428,0.572,0.748,1,0.06618
CC1=CC(C)=C(OC2=CC(C[N+](CC3=CC=CC=N3)(C)CC4=NC=CC=C4)=C(OC)C(C)=C2)C(C)=C1Br,0.3135,0.6865,0.4567,1,0.06076
CC1=CC(C)=C(OC2=CC(C[N+](CC3=CC=CC=N3)(C)CC4=NC=CC=C4)=C(OC)C(C)=C2)C(C)=C1Br,0.2266,0.7734,0.293,1,0.05385
CC1=CC(C)=C(OC2=CC(C[N+](CC3=CC=CC=N3)(C)CC4=NC=CC=C4)=C(OC)C(C)=C2)C(C)=C1Br,0.103,0.897,0.1148,1,0.04368
CC1=CC(OCCC[N+](C)(C)C)=C(OC2=CC=C(S(C3=CC=C(OC4=CC=C(C(C(F)(F)F)(C(F)(F)F)C5=CC=C(OC6=CC=C(S(C7=CC=C(OC)C=C7)(=O)=O)C=C6)C=C5)C=C4)C=C3)(=O)=O)C=C2)C=C1,0.758,0.242,3.127,1,0.04859
CC1=CC(OCCCC[N+](C)(C)C)=C(OC2=CC=C(S(C3=CC=C(OC4=CC=C(C(C(F)(F)F)(C(F)(F)F)C5=CC=C(OC6=CC=C(S(C7=CC=C(OC)C=C7)(=O)=O)C=C6)C=C5)C=C4)C=C3)(=O)=O)C=C2)C=C1,0.759,0.241,3.158,1,0.05093
CC1=CC(OCCCCCC[N+](C)(C)C)=C(OC2=CC=C(S(C3=CC=C(OC4=CC=C(C(C(F)(F)F)(C(F)(F)F)C5=CC=C(OC6=CC=C(S(C7=CC=C(OC)C=C7)(=O)=O)C=C6)C=C5)C=C4)C=C3)(=O)=O)C=C2)C=C1,0.757,0.243,3.113,1,0.06283
CC1=CC(OCCCCCCCC[N+](C)(C)C)=C(OC2=CC=C(S(C3=CC=C(OC4=CC=C(C(C(F)(F)F)(C(F)(F)F)C5=CC=C(OC6=CC=C(S(C7=CC=C(OC)C=C7)(=O)=O)C=C6)C=C5)C=C4)C=C3)(=O)=O)C=C2)C=C1,0.756,0.244,3.103,1,0.05171
CC1=CC(OCCCCCCCCCCCC[N+](C)(C)C)=C(OC2=CC=C(S(C3=CC=C(OC4=CC=C(C(C(F)(F)F)(C(F)(F)F)C5=CC=C(OC6=CC=C(S(C7=CC=C(OC)C=C7)(=O)=O)C=C6)C=C5)C=C4)C=C3)(=O)=O)C=C2)C=C1,0.753,0.247,3.049,1,0.04156
CC(C=C1)=CC=C1C(C=C2)=CC=C2OC3=CC=CC(OC(C=C4)=CC=C4C(C=C5)=CC=C5OC(C=C6)=CC=C6S(C7=CC=C(OC(C=C8)=CC=C8C(C=C9)=CC=C9OC(C=C%10)=CC=C%10S(C%11=CC=CC=C%11)(=O)=O)C=C7)(=O)=O)=C3C(C%12=CC(C[N+]%13=CN(C)C=C%13)=CC(C(C%14=CC(C[N+]%15=CN(C)C=C%15)=CC(C[N+]%16=CN(C)C=C%16)=C%14)[N+]%17=CN(C)C=C%17)=C%12)=O,0.821,0.179,4.587,1,0.0988
CC(C=C1)=CC=C1C(C=C2)=CC=C2OC3=CC=CC(OC(C=C4)=CC=C4C(C=C5)=CC=C5OC(C=C6)=CC=C6S(C7=CC=C(OC(C=C8)=CC=C8C(C=C9)=CC=C9OC(C=C%10)=CC=C%10S(C%11=CC=CC=C%11)(=O)=O)C=C7)(=O)=O)=C3C(C%12=CC(C[N+]%13=CN(C)C=C%13)=CC(C(C%14=CC(C[N+]%15=CN(C)C=C%15)=CC(C[N+]%16=CN(C)C=C%16)=C%14)[N+]%17=CN(C)C=C%17)=C%12)=O,0.774,0.226,3.425,1,0.07153
CC(C=C1)=CC=C1C(C=C2)=CC=C2OC3=CC=CC(OC(C=C4)=CC=C4C(C=C5)=CC=C5OC(C=C6)=CC=C6S(C7=CC=C(OC(C=C8)=CC=C8C(C=C9)=CC=C9OC(C=C%10)=CC=C%10S(C%11=CC=CC=C%11)(=O)=O)C=C7)(=O)=O)=C3C(C%12=CC(C[N+]%13=CN(C)C=C%13)=CC(C[N+]%14=CN(C)C=C%14)=C%12)=O,0.833,0.167,4.988,1,0.06312
CC(C=C1)=CC=C1C(C=C2)=CC=C2OC3=CC=CC(OC(C=C4)=CC=C4C(C=C5)=CC=C5OC(C=C6)=CC=C6S(C7=CC=C(OC(C=C8)=CC=C8C(C=C9)=CC=C9OC(C=C%10)=CC=C%10S(C%11=CC=CC=C%11)(=O)=O)C=C7)(=O)=O)=C3C(C%12=CC(C[N+]%13=CN(C)C=C%13)=CC(C[N+]%14=CN(C)C=C%14)=C%12)=O,0.789,0.211,3.739,1,0.04667
O=S(C1=CC=C(C)C=C1)(C2=CC=C(OC3=C(C[N+]4=C(C)N(C)C=C4)C=C(C(C)(C5=CC(C[N+]6=C(C)N(C)C=C6)=C(OC7=CC=C(S(C8=CC=C(OC9=CC=C(C%10(CCCCC%10)C%11=CC=C(OC)C=C%11)C=C9)C=C8)(=O)=O)C=C7)C(C[N+]%12=C(C)N(C)C=C%12)=C5)C)C=C3C)C=C2)=O,0.5,0.5,1,1,0.07
O=S(C1=CC=C(C)C=C1)(C2=CC=C(OC3=C(C[N+]4=CN(C)C=C4)C=C(C(C)(C5=CC(C[N+]6=CN(C)C=C6)=C(OC7=CC=C(S(C8=CC=C(OC9=CC=C(C%10(CCCCC%10)C%11=CC=C(OC)C=C%11)C=C9)C=C8)(=O)=O)C=C7)C(C[N+]%12=CN(C)C=C%12)=C5)C)C=C3C)C=C2)=O,0.5,0.5,1,1,0.0419
O=S(C1=CC=C(C)C=C1)(C2=CC=C(OC3=C(C[N+]4=C(C)N(C)C=C4)C=C(C(C)(C5=CC(C[N+]6=C(C)N(C)C=C6)=C(OC7=CC=C(S(C8=CC=C(OC9=CC=C(C(C)(C)C%10=CC=C(OC)C=C%10)C=C9)C=C8)(=O)=O)C=C7)C(C[N+]%11=C(C)N(C)C=C%11)=C5)C)C=C3C)C=C2)=O,0.5,0.5,1,1,0.0611
O=S(C1=CC=C(C)C=C1)(C2=CC=C(OC3=C(C[N+]4=CN(C)C=C4)C=C(C(C)(C5=CC(C[N+]6=CN(C)C=C6)=C(OC7=CC=C(S(C8=CC=C(OC9=CC=C(C(C)(C)C%10=CC=C(OC)C=C%10)C=C9)C=C8)(=O)=O)C=C7)C(C[N+]%11=CN(C)C=C%11)=C5)C)C=C3C)C=C2)=O,0.5,0.5,1,1,0.0767
O=S(C1=CC=C(C)C=C1)(C2=CC=C(OC3=C(C[N+]4=C(C)N(C)C=C4)C=C(C(C)(C5=CC(C[N+]6=C(C)N(C)C=C6)=C(OC7=CC=C(S(C8=CC=C(OC9=CC=C(C%10=CC=C(OC)C=C%10)C=C9)C=C8)(=O)=O)C=C7)C(C[N+]%11=C(C)N(C)C=C%11)=C5)C)C=C3C)C=C2)=O,0.5,0.5,1,1,0.0526
O=S(C1=CC=C(C)C=C1)(C2=CC=C(OC3=C(C[N+]4=CN(C)C=C4)C=C(C(C)(C5=CC(C[N+]6=CN(C)C=C6)=C(OC7=CC=C(S(C8=CC=C(OC9=CC=C(C%10=CC=C(OC)C=C%10)C=C9)C=C8)(=O)=O)C=C7)C(C[N+]%11=CN(C)C=C%11)=C5)C)C=C3C)C=C2)=O,0.5,0.5,1,1,0.0654
O=S(C1=CC=C(OC2=CC=C(C(C3=CC=C(OC4=CC=C(S(C5=CC=C(C)C=C5)(=O)=O)C=C4)C=C3)(C(F)(F)F)C(F)(F)F)C=C2)C=C1)(C6=CC=C(OC7=C(OC8=C(F)C(F)=C(OC9=C(C[N+]%10=CN(C)C=C%10)C=C(OC%11=C(C[N+]%12=CN(C)C=C%12)C=CC=C%11C[N+]%13=CN(C)C=C%13)C=C9C[N+]%14=CN(C)C=C%14)C(F)=C8F)C=C(C)C=C7)C=C6)=O,0.05,0.95,0.053,1,0.0337
O=S(C1=CC=C(OC2=CC=C(C(C3=CC=C(OC4=CC=C(S(C5=CC=C(C)C=C5)(=O)=O)C=C4)C=C3)(C(F)(F)F)C(F)(F)F)C=C2)C=C1)(C6=CC=C(OC7=C(OC8=C(F)C(F)=C(OC9=C(C[N+]%10=CN(C)C=C%10)C=C(OC%11=C(C[N+]%12=CN(C)C=C%12)C=CC=C%11C[N+]%13=CN(C)C=C%13)C=C9C[N+]%14=CN(C)C=C%14)C(F)=C8F)C=C(C)C=C7)C=C6)=O,0.1,0.9,0.111,1,0.0549
O=S(C1=CC=C(OC2=CC=C(C(C3=CC=C(OC4=CC=C(S(C5=CC=C(C)C=C5)(=O)=O)C=C4)C=C3)(C(F)(F)F)C(F)(F)F)C=C2)C=C1)(C6=CC=C(OC7=C(OC8=C(F)C(F)=C(OC9=C(C[N+]%10=CN(C)C=C%10)C=C(OC%11=C(C[N+]%12=CN(C)C=C%12)C=CC=C%11C[N+]%13=CN(C)C=C%13)C=C9C[N+]%14=CN(C)C=C%14)C(F)=C8F)C=C(C)C=C7)C=C6)=O,0.125,0.875,0.143,1,0.0635
O=S(C1=CC=C(OC2=CC=C(C(C3=CC=C(OC4=CC=C(S(C5=CC=C(C)C=C5)(=O)=O)C=C4)C=C3)(C(F)(F)F)C(F)(F)F)C=C2)C=C1)(C6=CC=C(OC7=C(OC8=C(F)C(F)=C(OC9=C(C[N+]%10=CN(C)C=C%10)C=C(OC%11=C(C[N+]%12=CN(C)C=C%12)C=CC=C%11C[N+]%13=CN(C)C=C%13)C=C9C[N+]%14=CN(C)C=C%14)C(F)=C8F)C=C(C)C=C7)C=C6)=O,0.15,0.85,0.176,1,0.0788
CN1C=C[N+](CCCCCCN2C=C[N+](CCCCCCCN3C=C[N+](CC4=CC(C5(C6=CC(C[N+]7=CN(CCCCCC[N+]8=CN(CCCCCC[N+]9=CN(C)C=C9)C=C8)C=C7)=C(OC)C(C[N+]%10=CN(CCCCCC[N+]%11=CN(CCCCCC[N+]%12=CN(C)C=C%12)C=C%11)C=C%10)=C6)C(C=CC=C%13)=C%13C%14=C5C=CC=C%14)=CC(C[N+]%15=CN(CCCCCC[N+]%16=CN(CCCCCC[N+]%17=CN(C)C=C%17)C=C%16)C=C%15)=C4OC%18=CC=C(S(C%19=CC=C(OC%20=CC=C(C(C(F)(F)F)(C(F)(F)F)C(C=C%21)=CC=C%21OC(C=C%22)=CC=C%22S(C%23=CC=C(C)C=C%23)(=O)=O)C=C%20)C=C%19)(=O)=O)C=C%18)=C3)=C2)=C1,0.167,0.833,0.2,1,0.0811
CN1C=C[N+](CCCCCCN2C=C[N+](CCCCCCCN3C=C[N+](CC4=CC(C5(C6=CC(C[N+]7=CN(CCCCCC[N+]8=CN(CCCCCC[N+]9=CN(C)C=C9)C=C8)C=C7)=C(OC)C(C[N+]%10=CN(CCCCCC[N+]%11=CN(CCCCCC[N+]%12=CN(C)C=C%12)C=C%11)C=C%10)=C6)C(C=CC=C%13)=C%13C%14=C5C=CC=C%14)=CC(C[N+]%15=CN(CCCCCC[N+]%16=CN(CCCCCC[N+]%17=CN(C)C=C%17)C=C%16)C=C%15)=C4OC%18=CC=C(S(C%19=CC=C(OC%20=CC=C(C(C(F)(F)F)(C(F)(F)F)C(C=C%21)=CC=C%21OC(C=C%22)=CC=C%22S(C%23=CC=C(C)C=C%23)(=O)=O)C=C%20)C=C%19)(=O)=O)C=C%18)=C3)=C2)=C1,0.286,0.714,0.4,1,0.12
O=S(C(C=C1)=CC=C1OC2=C(C[N+]3=CN=CC3)C=C(C4(C5=CC(C[N+]6=CN=CC6)=C(OC)C(CC)=C5)C(C=CC=C7)=C7C8=C4C=CC=C8)C=C2CC)(C9=CC=C(OC%10=CC=C(C(C(F)(F)F)(C(F)(F)F)C(C=C%11)=CC=C%11OC(C=C%12)=CC=C%12S(C%13=CC=C(C)C=C%13)(=O)=O)C=C%10)C=C9)=O,0.286,0.714,0.4,1,0.0576
CC1=[N+](CC2=CC=CC=C2)C3=C(N1CC4=CC=CC=C4)C=C(C5=CC(N(CC6=CC=CC=C6)C(C7=CC=C(OC8=CC=C(C)C=C8)C=C7)=[N+]9CC%10=CC=CC=C%10)=C9C=C5)C=C3,0.5,0.5,1,0,0.00684
CC1=[N+](CC2=CC=CC=C2)C3=C(N1CC4=CC=CC=C4)C=C(C5=CC(N(CC6=CC=CC=C6)C(C7=CC=CC(C)=C7)=[N+]8CC9=CC=CC=C9)=C8C=C5)C=C3,0.5,0.5,1,0,0.00186
C=S(C1=CC=C(OC2=C(C[N+]3(C)CCCCC3)C=C(OCC=C)C(C[N+]4(CCCCC4)C)=C2)C=C1)(C5=CC=C(OC6=CC(C[N+]7(C)CCCCC7)=C(OC8=CC=C(S(C9=CC=C(OC%10=CC=C(C(C(F)(F)F)(C(F)(F)F)C%11=CC=C(OC%12=CC=C(S(C%13=CC=C(OC%14=C(C[N+]%15(C)CCCCC%15)C=C(OC%16=CC=C(S(C%17=CC=C(OC%18=C(C[N+]%19(CCCCC%19)C)C=C(OCC=C)C(C[N+]%20(C)CCCCC%20)=C%18)C=C%17)(=O)=O)C=C%16)C(C[N+]%21(C)CCCCC%21)=C%14)C=C%13)(=O)=O)C=C%12)C=C%11)C=C%10)C=C9)(=O)=O)C=C8)C=C6C[N+]%22(C)CCOCC%22)C=C5)=C,0.4,0.6,0.67,1,0.054
C=S(C1=CC=C(OC2=C(C[N+]3(C)CCCCC3)C=C(OCC=C)C(C[N+]4(CCCCC4)C)=C2)C=C1)(C5=CC=C(OC6=CC(C[N+]7(C)CCCCC7)=C(OC8=CC=C(S(C9=CC=C(OC%10=CC=C(C(C(F)(F)F)(C(F)(F)F)C%11=CC=C(OC%12=CC=C(S(C%13=CC=C(OC%14=C(C[N+]%15(C)CCCCC%15)C=C(OC%16=CC=C(S(C%17=CC=C(OC%18=C(C[N+]%19(CCCCC%19)C)C=C(OCC=C)C(C[N+]%20(C)CCCCC%20)=C%18)C=C%17)(=O)=O)C=C%16)C(C[N+]%21(C)CCCCC%21)=C%14)C=C%13)(=O)=O)C=C%12)C=C%11)C=C%10)C=C9)(=O)=O)C=C8)C=C6C[N+]%22(C)CCOCC%22)C=C5)=C,0.6,0.4,1.5,1,0.0783
CC[N+]1(C(CC)C)C2=CC=CC=C2C3=C1C=CC=C3,0.078,0.922,0.085,0,0.00491
CC[N+]1(C(CC)C)C2=CC=CC=C2C3=C1C=CC=C3,0.159,0.841,0.189,0,0.00639
CC[N+]1(C(CC)C)C2=CC=CC=C2C3=C1C=CC=C3,0.251,0.749,0.335,0,0.00804
CC[N+]1(C(CC)C)C2=CC=CC=C2C3=C1C=CC=C3,0.318,0.682,0.466,0,0.01
CC[N+]1(C(CC)C)C2=CC=CC=C2C3=C1C=CC=C3,0.353,0.647,0.546,0,0.0103
CC(CC(CC)C1=CC=CC=C1)[n+]2cn(CCCC)cc2,0.357,0.643,0.555,1,0.0493
CC(CC(CC)C1=CC=CC=C1)[n+]2cn(CCCC)cc2,0.286,0.714,0.4,1,0.0294
CC(CC(CC)C1=CC=CC=C1)[n+]2cn(CCCC)cc2,0.222,0.778,0.285,1,0.0261
Cn1c[n+](C(CC(CC)C2=CC=CC=C2)C)cc1,0.455,0.545,0.835,1,0.0279
Cn1c[n+](C(CC(CC)C2=CC=CC=C2)C)cc1,0.417,0.583,0.715,1,0.0206
Cn1c[n+](C(CC(CC)C2=CC=CC=C2)C)cc1,0.333,0.667,0.499,1,0.0146
CC1=CC(C)=CC(C)=C1OC2=CC(C[N+]3=C(C)N(C)C=C3)=C(OC)C(C)=C2,0.315,0.685,0.46,1,0.04705
CC1=CC(CN(CCCCCC[N+](C)(CCCCCCCCCCCCCCCCCC)C)C)=C(OC)C(C)=C1,0.26,0.74,0.351,1,0.08517
CC1=CC(C)=C(OC2=C(C[N+](C)(C)C)C(C)=C(OC)C(C)=C2)C(C)=C1,0.36,0.64,0.563,1,0.0544
CC1=CC(C[N+](C)(C)CCCCCC[N+](C)(C)CC)=C(OC2=CC(C)=C(OC)C(C)=C2)C(C)=C1,0.23,0.77,0.299,1,0.0985
CC1=CC(C[N+](C)(C)CCCCCC[N+](C)(C)CCCC[N+](C)(C)C)=C(OC2=CC(C)=C(OC)C(C)=C2)C(C)=C1,0.17,0.83,0.205,1,0.1188
CC1=CC=C(C=C1)S(=O)(C2=CC=C(C=C2)OC3=CC=C(C=C3)C(C(F)(F)F)(C(F)(F)F)C4=CC=C(C=C4)OC5=CC=C(C=C5)S(=O)(C6=CC=C(C=C6)OC7=C(C(C8=CC=CC=C8C9=C(C=CC=C9)C%10=CC(OCCCCCCn%11cc[n+](C)c%11)=C(C(OCCCCCCn%12cc[n+](C)c%12)=C%10)OC)=CC=C7OCCCCCCn%13cc[n+](C)c%13)OCCCCCCn%14cc[n+](C)c%14)=O)=O,0.03,0.1,0.3,1,0.05747945
CC1=CC=C(C=C1)S(=O)(C2=CC=C(C=C2)OC3=CC=C(C=C3)C(C(F)(F)F)(C(F)(F)F)C4=CC=C(C=C4)OC5=CC=C(C=C5)S(=O)(C6=CC=C(C=C6)OC7=C(C(C8=CC=CC=C8C9=C(C=CC=C9)C%10=CC(OCCCCCCn%11cc[n+](C)c%11)=C(C(OCCCCCCn%12cc[n+](C)c%12)=C%10)OC)=CC=C7OCCCCCCn%13cc[n+](C)c%13)OCCCCCCn%14cc[n+](C)c%14)=O)=O,0.035,0.1,0.35,1,0.07205479
CC1=CC=C(C=C1)S(=O)(C2=CC=C(C=C2)OC3=CC=C(C=C3)C(C(F)(F)F)(C(F)(F)F)C4=CC=C(C=C4)OC5=CC=C(C=C5)S(=O)(C6=CC=C(C=C6)OC7=C(C(C8=CC=CC=C8C9=C(C=CC=C9)C%10=CC(OCCCCCCn%11cc[n+](C)c%11)=C(C(OCCCCCCn%12cc[n+](C)c%12)=C%10)OC)=CC=C7OCCCCCCn%13cc[n+](C)c%13)OCCCCCCn%14cc[n+](C)c%14)=O)=O,0.04,0.1,0.4,1,0.08936986
CC1=CC=C(C=C1)S(=O)(C2=CC=C(C=C2)OC3=CC=C(C=C3)C(C(F)(F)F)(C(F)(F)F)C4=CC=C(C=C4)OC5=CC=C(C=C5)S(=O)(C6=CC=C(C=C6)OC7=C(C(C8=CC=CC=C8C9=C(C=CC=C9)C%10=CC(OCCCCCCn%11cc[n+](C)c%11)=C(C(OCCCCCCn%12cc[n+](C)c%12)=C%10)OC)=CC=C7OCCCCCCn%13cc[n+](C)c%13)OCCCCCCn%14cc[n+](C)c%14)=O)=O,0.045,0.1,0.4,1,0.11271233
CCC(CC(C)CCCCCCCCC[N+](C)(C)C)CC(C)C,0.0042,0.1,0.042,1,0.01794297
CCC(CC(C)CCCCCCCCC[N+](C)(C)C)CC(C)C,0.02,0.1,0.2,1,0.05286975
CCC(CC(C)CCCCCCCCC[N+](C)(C)C)CC(C)C,0.032,0.1,0.32,1,0.06916257
CCC(CC(C)CCCCCCCCC[N+](C)(C)C)CC(C)C,0.041,0.1,0.41,1,0.07550405
C=S(C1=CC=C(OC2=CC=C(C3=CC=C(C)C=C3)C=C2)C=C1)(C4=CC=C(OC5=CC=C(C6=CC=C(OC7=CC=C(S(C8=CC=C(OC)C(C9=CC(CN%10C=[N+](C)C=C%10)=CC(CN%11C=[N+](C)C=C%11)=C9)=C8)(=O)=O)C=C7C%12=CC(CCN%13C=[N+](C)C=C%13)=CC(CN%14C=[N+](C)C=C%14)=C%12)C=C6)C=C5)C=C4)=C,0.22,0.78,0.282,1,0.0253
C=S(C1=CC=C(OC2=CC=C(C3=CC=C(C)C=C3)C=C2)C=C1)(C4=CC=C(OC5=CC=C(C6=CC=C(OC7=CC=C(S(C8=CC=C(OC)C(C9=CC(CN%10C=[N+](C)C=C%10)=CC(CN%11C=[N+](C)C=C%11)=C9)=C8)(=O)=O)C=C7C%12=CC(CCN%13C=[N+](C)C=C%13)=CC(CN%14C=[N+](C)C=C%14)=C%12)C=C6)C=C5)C=C4)=C,0.28,0.72,0.389,1,0.0309
C=S(C1=CC=C(OC2=CC=C(C3=CC=C(C)C=C3)C=C2)C=C1)(C4=CC=C(OC5=CC=C(C6=CC=C(OC7=CC=C(S(C8=CC=C(OC)C(C9=CC(CN%10C=[N+](C)C=C%10)=CC(CN%11C=[N+](C)C=C%11)=C9)=C8)(=O)=O)C=C7C%12=CC(CCN%13C=[N+](C)C=C%13)=CC(CN%14C=[N+](C)C=C%14)=C%12)C=C6)C=C5)C=C4)=C,0.34,0.66,0.515,1,0.0359
C=S(C1=CC=C(OC2=CC=C(C3=CC=C(C)C=C3)C=C2)C=C1)(C4=CC=C(OC5=C(C[N+](C)(C)C)C=C(C6=CC([N+](C)(C)C)=C(OC7=CC=C(S(C8=CC=C(OC)C=C8)(=O)=O)C=C7)C(C[N+](C)(C)C)=C6)C=C5C[N+](C)(C)C)C=C4)=C,0.25,0.75,0.333,1,0.0361
CC1=CC(C)=C(OC2=CC(CN3N=NC(C[N+](C)(C)C)=C3)=C(OC4=C(Br)C(C)=C(OC)C(C)=C4)C(C)=C2)C(CC)=C1,0.393,0.607,0.647,1,0.10748691
CC1=CC(C)=C(OC2=CC(CN3N=NC(C[N+](C)(C)CCCCCCCCCCCC)=C3)=C(OC4=C(Br)C(C)=C(OC)C(C)=C4)C(C)=C2)C(CC)=C1,0.473,0.527,0.898,1,0.1095288
CC1=CC(C)=C(OC2=CC(CN3N=NC(C[N+](C)(C)CCCCCCCCCCCCCCCCCC)=C3)=C(OC4=C(Br)C(C)=C(OC)C(C)=C4)C(C)=C2)C(CC)=C1,0.52,0.48,1.083,1,0.13104712
CC1=CC(C)=C(OC2=CC(CN3N=NC(C[N+](C)(C)CCCCCCCCCCCCCCCCCCCCCCCCCC)=C3)=C(OC4=C(Br)C(C)=C(OC)C(C)=C4)C(C)=C2)C(CC)=C1,0.543,0.457,1.188,1,0.14298429
CC1=CC(C)=C(OC2=C(Br)C(C)=C(OC3=CC(CBr)=C(OC)C(C)=C3)C(C)=C2)C(C[N+](C)(C)CCCCCCCCCC)=C1,0.487,0.513,0.949,1,0.04293194
O=S(C1=CC=C(OC2=CC=C(C(C=C3)=CC=C3OC4=C(C5=CC(C[N+](C)(C)C)=CC(C[N+](C)(C)C)=C5)C=C(S(C6=CC(C7=CC(C[N+](C)(C)C)=CC(C[N+](C)(C)C)=C7)=C(OC)C(C8=CC(C[N+](C)(C)C)=CC(C[N+](C)(C)C)=C8)=C6)(=O)=O)C=C4C9=CC(C[N+](C)(C)C)=CC(C[N+](C)(C)C)=C9)C=C2)C=C1)(C%10=CC=C(OC%11=CC=C(C%12=CC=C(C)C=C%12)C=C%11)C=C%10)=O,0.12,0.88,0.136,1,0.054
O=S(C1=CC=C(OC2=CC=C(C(C=C3)=CC=C3OC4=C(C5=CC(C[N+](C)(C)C)=CC(C[N+](C)(C)C)=C5)C=C(S(C6=CC(C7=CC(C[N+](C)(C)C)=CC(C[N+](C)(C)C)=C7)=C(OC)C(C8=CC(C[N+](C)(C)C)=CC(C[N+](C)(C)C)=C8)=C6)(=O)=O)C=C4C9=CC(C[N+](C)(C)C)=CC(C[N+](C)(C)C)=C9)C=C2)C=C1)(C%10=CC=C(OC%11=CC=C(C%12=CC=C(C)C=C%12)C=C%11)C=C%10)=O,0.16,0.84,0.19,1,0.071
O=S(C1=CC=C(OC2=CC=C(C(C=C3)=CC=C3OC4=C(C5=CC(C[N+](C)(C)C)=CC(C[N+](C)(C)C)=C5)C=C(S(C6=CC(C7=CC(C[N+](C)(C)C)=CC(C[N+](C)(C)C)=C7)=C(OC)C(C8=CC(C[N+](C)(C)C)=CC(C[N+](C)(C)C)=C8)=C6)(=O)=O)C=C4C9=CC(C[N+](C)(C)C)=CC(C[N+](C)(C)C)=C9)C=C2)C=C1)(C%10=CC=C(OC%11=CC=C(C%12=CC=C(C)C=C%12)C=C%11)C=C%10)=O,0.2,0.8,0.25,1,0.082
CC1=C(OC)C(C[N+](C)(C)C)=CC(OC2=C(C)C=C(C)C=C2C)=C1,0.3,0.7,0.429,1,0.02705202
CC1=C(OC)C(C[N+](C)(C)C)=CC(OC2=C(C)C=C(C)C=C2C)=C1,0.4,0.6,0.667,1,0.04950867
CCC(CC(CCCCCC(CC(CC(C)C1=CC=C(C2=CC=C(CC[N+](C)(C)C)C=C2)C=C1)C3=CC=CC=C3)CC)C4=CC=C(C5=CC=C(CC[N+](C)(C)C)C=C5)C=C4)C6=CC=CC=C6,0.26,0.74,0.351,1,0.102
CCC(CC(CCCCCC(CC(CC(C)C1=CC=C(C2=CC=C(CCCCCC[N+](C)(C)C)C=C2)C=C1)C3=CC=CC=C3)CC)C4=CC=C(C5=CC=C(CCCCCC[N+](C)(C)C)C=C5)C=C4)C6=CC=CC=C6,0.26,0.74,0.351,1,0.063
[H]CC1=C(OC)C(C[N+](C)(C)CCCCCCN(C)C)=CC(C(C)(C)C2=CC(C[H])=C(OC3=CC=CC(OC4=CC=C(C(C(F)(F)F)(C(F)(F)F)C5=CC=C(OC6=CC=CC(C)=C6C#N)C=C5)C=C4)=C3C#N)C(C[H])=C2)=C1,0.4,0.6,0.667,1,0.0319672
[H]CC1=C(OC)C(C[N+](C)(C)CCCCCCN(C)C)=CC(C(C)(C)C2=CC(C[H])=C(OC3=CC=CC(OC4=CC=C(C(C(F)(F)F)(C(F)(F)F)C5=CC=C(OC6=CC=CC(C)=C6C#N)C=C5)C=C4)=C3C#N)C(C[H])=C2)=C1,0.49,0.51,0.961,1,0.0434426
[H]CC1=C(OC)C(C[N+](C)(C)CCCCCCN(C)C)=CC(C(C)(C)C2=CC(C[H])=C(OC3=CC=CC(OC4=CC=C(C(C(F)(F)F)(C(F)(F)F)C5=CC=C(OC6=CC=CC(C)=C6C#N)C=C5)C=C4)=C3C#N)C(C[H])=C2)=C1,0.61,0.39,1.564,1,0.0640984
[H]CC1=C(OC)C(C[N+](C)(C)CCCCCCN(C)C)=CC(C(C)(C)C2=CC(C[H])=C(OC3=CC=CC(OC4=CC=C(C(C(F)(F)F)(C(F)(F)F)C5=CC=C(OC6=CC=CC(C)=C6C#N)C=C5)C=C4)=C3C#N)C(C[H])=C2)=C1,0.81,0.19,4.263,1,0.0981967
[H]CC1=C(OC)C(C[N+](C)(C)CCCCCCN(C)C)=CC(C(C)(C)C2=CC(C[H])=C(OC3=CC=CC(C)=C3C#N)C(C[H])=C2)=C1,0.5,0.5,1,1,0.1185246
CC(C1=CC=C(OC2=CC=C(S(C3=CC=C(OC4=C(C[n+]5ccn(C)c5)C=C(C6(C7=CC=CC=C7C(O6)=O)C8=C(C[H])C(OC)=C(CC)C=C8)C=C4C[H])C=C3)(=C)=C)C=C2)C=C1)(C)C9=CC=C(OC%10=CC=CC(C)=C%10C#N)C=C9,0.287,0.713,0.403,0,0.089
CC(C1=CC=C(OC2=CC=C(S(C3=CC=C(OC4=C(C[n+]5ccn(C)c5)C=C(C6(C7=CC=CC=C7C(O6)=O)C8=C(C[H])C(OC)=C(CC)C=C8)C=C4C[H])C=C3)(=C)=C)C=C2)C=C1)(C)C9=CC=C(OC%10=CC=CC(C)=C%10C#N)C=C9,0.463,0.537,0.862,1,0.1145228
CC(C1=CC=C(OC2=CC=C(S(C3=CC=C(OC4=C(C[n+]5ccn(C)c5)C=C(C6(C7=CC=CC=C7C(O6)=O)C8=C(C[H])C(OC)=C(CC)C=C8)C=C4C[H])C=C3)(=C)=C)C=C2)C=C1)(C)C9=CC=C(OC%10=CC=CC(C)=C%10C#N)C=C9,0.574,0.426,1.347,1,0.1467
[H]C(C)([H])C(C(C(C)([H])[H])([H])[H])([H])CC(C)C1=CC=C(C(CCCC)[C+](N(C)C)N(C)C)C=C1,0.085,0.915,0.0929,1,0.01301
[H]C(C)([H])C(C(C(C)([H])[H])([H])[H])([H])CC(C)C1=CC=C(C(CCCC)[C+](N(C)C)N(C)C)C=C1,0.125,0.875,0.143,1,0.01619
[H]C(C)([H])C(C(C(C)([H])[H])([H])[H])([H])CC(C)C1=CC=C(C(CCCC)[C+](N(C)C)N(C)C)C=C1,0.16,0.84,0.19,1,0.02501
C[N+](C)(C)CCCCCCCCCC(CCCCC1=CC2CCC(C(C=C3)=CC=C3CCCCC(CCCCCCCCC[N+](C)(C)C)CCCC)C=C2C=C1)CCCC,0.2,0.8,0.25,1,0.05078478
C[N+](C)(CCCCCCCCCCCCCCCC)CCCCCCCCCC(CCCCC1=CC(C2C=C3C=CC(CCC([CH+][CH+][CH+][CH+][CH+][CH+][CH+][CH+][CH+][N+](C)(CCCCCCCCCCCCCCCC)C)CCCC)=CC3CC2)=CC=C1)CCCC,0.2,0.8,0.25,1,0.05283238
C[N+](C)(C)CCCCCCCCCC(CCCCC1=CC=C(C=C)C=C1)CCCC,0.2,0.8,0.25,1,0.05355194
C[N+](C)(CCCCCCCCCCCCCCCC)CCCCCCCCCC(CCCCC1=CC=C(C=C)C=C1)CCCC,0.2,0.8,0.25,1,0.05681762
COC1=CC=CC(OC2=CC=C(C(C3=CC=C(OC4=C(C)C=C(OC5=CC=C(C(C6=CC=C(C)C=C6)=O)C=C5)C=C4)C=C3)=O)C=C2)=C1C[N+](CC(O)C[N+](C)(C)C)(C)C,0.53,0.47,1.128,1,0.02393735
CC1=CC=C(S(C2=CC=C(OC3=C(C)C=C(S(C4=CC(C)=C(OC5=CC=C(S(C6=CC=C(OC7=C(C)C=C(C(C8=CC(C)=C(OC9=CC=C(S(C%10=CC=C(OC%11=C(C)C=C(C(C%12=CC(C)=C(OC)C(C)=C%12C[N+](C)(C)C)C%13=CC=C(C[N+](C)(C)C)C=C%13)C=C%11C)C=C%10)(=O)=O)C=C9)C(C)=C8[H])C%14=CC=C([H])C=C%14)C=C7C)C=C6)(=O)=O)C=C5)C(C)=C4)(=O)=O)C=C3C)C=C2)(=O)=O)C=C1,0.5,0.5,1,1,0.0758
CC1=CC=C(S(C2=CC=C(OC3=C(C)C=C(S(C4=CC(C)=C(OC5=CC=C(S(C6=CC=C(OC7=C(C)C=C(C(C8=CC(C)=C(OC9=CC=C(S(C%10=CC=C(OC%11=C(C)C=C(C(C%12=CC(C)=C(OC)C(C)=C%12[H])C%13=CC=C(C[N+](C)(C)C)C=C%13)C=C%11C)C=C%10)(=O)=O)C=C9)C(C)=C8[H])C%14=CC=C([H])C=C%14)C=C7C)C=C6)(=O)=O)C=C5)C(C)=C4)(=O)=O)C=C3C)C=C2)(=O)=O)C=C1,0.5,0.5,1,1,0.0271
CC1=CC=C(S(C2=CC=C(OC3=C(C)C=C(S(C4=CC(C)=C(OC5=CC=C(S(C6=CC=C(OC7=C(C)C=C(C(C8=CC(C)=C(OC9=CC=C(S(C%10=CC=C(OC%11=C(C)C=C(C(C%12=CC(C)=C(OC)C(C)=C%12C[N+](C)(C)C)C%13=CC=C(C[N+](C)(C)C)C=C%13)C=C%11C)C=C%10)(=O)=O)C=C9)C(C)=C8[H])C%14=CC=C([H])C=C%14)C=C7C)C=C6)(=O)=O)C=C5)C(C)=C4)(=O)=O)C=C3C)C=C2)(=O)=O)C=C1,0.333,0.667,0.499,1,0.0515
CC1=CC=C(S(C2=CC=C(OC3=C(C)C=C(S(C4=CC(C)=C(OC5=CC=C(S(C6=CC=C(OC7=C(C)C=C(C(C8=CC(C)=C(OC9=CC=C(S(C%10=CC=C(OC%11=C(C)C=C(C(C%12=CC(C)=C(OC)C(C)=C%12C[N+](C)(C)C)C%13=CC=C(C[N+](C)(C)C)C=C%13)C=C%11C)C=C%10)(=O)=O)C=C9)C(C)=C8[H])C%14=CC=C([H])C=C%14)C=C7C)C=C6)(=O)=O)C=C5)C(C)=C4)(=O)=O)C=C3C)C=C2)(=O)=O)C=C1,0.333,0.667,0.499,1,0.0442
CC1=CC=C(S(C2=CC=C(OC3=C(C)C=C(S(C4=CC(C)=C(OC5=CC=C(S(C6=CC=C(OC7=C(C)C=C(C(C8=CC(C)=C(OC9=CC=C(S(C%10=CC=C(OC%11=C(C)C=C(C(C%12=CC(C)=C(OC)C(C)=C%12C[N+](C)(C)C)C%13=CC=C(C[N+](C)(C)C)C=C%13)C=C%11C)C=C%10)(=O)=O)C=C9)C(C)=C8[H])C%14=CC=C([H])C=C%14)C=C7C)C=C6)(=O)=O)C=C5)C(C)=C4)(=O)=O)C=C3C)C=C2)(=O)=O)C=C1,0.286,0.714,0.401,1,0.0695
CC1=CC=C(S(C2=CC=C(OC3=C(C)C=C(S(C4=CC(C)=C(OC5=CC=C(S(C6=CC=C(OC7=C(C)C=C(C(C8=CC(C)=C(OC9=CC=C(S(C%10=CC=C(OC%11=C(C)C=C(C(C%12=CC(C)=C(OC)C(C)=C%12[H])C%13=CC=C(C[N+](C)(C)C)C=C%13)C=C%11C)C=C%10)(=O)=O)C=C9)C(C)=C8[H])C%14=CC=C([H])C=C%14)C=C7C)C=C6)(=O)=O)C=C5)C(C)=C4)(=O)=O)C=C3C)C=C2)(=O)=O)C=C1,0.385,0.615,0.626,1,0.0121
CC1=CC=C(S(C2=CC=C(OC3=C(C)C=C(S(C4=CC(C)=C(OC5=CC=C(S(C6=CC=C(OC7=C(C)C=C(C(C8=CC(C)=C(OC9=CC=C(S(C%10=CC=C(OC%11=C(C)C=C(C(C%12=CC(C)=C(OC)C(C)=C%12C[N+](C)(C)C)C%13=CC=C(C[N+](C)(C)C)C=C%13)C=C%11C)C=C%10)(=O)=O)C=C9)C(C)=C8[H])C%14=CC=C([H])C=C%14)C=C7C)C=C6)(=O)=O)C=C5)C(C)=C4)(=O)=O)C=C3C)C=C2)(=O)=O)C=C1,0.385,0.615,0.626,1,0.0378
CC1=CC=C(S(C2=CC=C(OC3=C(C)C=C(S(C4=CC(C)=C(OC5=CC=C(S(C6=CC=C(OC7=C(C)C=C(C(C8=CC(C)=C(OC9=CC=C(S(C%10=CC=C(OC%11=C(C)C=C(C(C%12=CC(C)=C(OC)C(C)=C%12C[N+](C)(C)C)C%13=CC=C(C[N+](C)(C)C)C=C%13)C=C%11C)C=C%10)(=O)=O)C=C9)C(C)=C8[H])C%14=CC=C([H])C=C%14)C=C7C)C=C6)(=O)=O)C=C5)C(C)=C4)(=O)=O)C=C3C)C=C2)(=O)=O)C=C1,0.385,0.615,0.626,1,0.0545
CC1=CC=C(S(C2=CC=C(OC3=C(C)C=C(S(C4=CC(C)=C(OC5=CC=C(S(C6=CC=C(OC7=C(C)C=C(C(C8=CC(C)=C(OC9=CC=C(S(C%10=CC=C(OC%11=C(C)C=C(C(C%12=CC(C)=C(OC)C(C)=C%12C[N+](C)(C)C)C%13=CC=C(C[N+](C)(C)C)C=C%13)C=C%11C)C=C%10)(=O)=O)C=C9)C(C)=C8[H])C%14=CC=C([H])C=C%14)C=C7C)C=C6)(=O)=O)C=C5)C(C)=C4)(=O)=O)C=C3C)C=C2)(=O)=O)C=C1,0.333,0.667,0.499,1,0.0586
CC1=CC=C(S(C2=CC=C(OC3=C(C)C=C(S(C4=CC(C)=C(OC5=CC=C(S(C6=CC=C(OC7=C(C)C=C(C(C8=CC(C)=C(OC9=CC=C(S(C%10=CC=C(OC%11=C(C)C=C(C(C%12=CC(C)=C(OC)C(C)=C%12C[N+](C)(C)C)C%13=CC=C(C[N+](C)(C)C)C=C%13)C=C%11C)C=C%10)(=O)=O)C=C9)C(C)=C8[H])C%14=CC=C([H])C=C%14)C=C7C)C=C6)(=O)=O)C=C5)C(C)=C4)(=O)=O)C=C3C)C=C2)(=O)=O)C=C1,0.474,0.526,0.901,1,0.0357
CC1=CC=C(S(C2=CC=C(OC3=C(C)C=C(S(C4=CC(C)=C(OC5=CC=C(S(C6=CC=C(OC7=C(C)C=C(C(C8=CC(C)=C(OC9=CC=C(S(C%10=CC=C(OC%11=C(C)C=C(C(C%12=CC(C)=C(OC)C(C)=C%12C[N+](C)(C)C)C%13=CC=C(C[N+](C)(C)C)C=C%13)C=C%11C)C=C%10)(=O)=O)C=C9)C(C)=C8[H])C%14=CC=C([H])C=C%14)C=C7C)C=C6)(=O)=O)C=C5)C(C)=C4)(=O)=O)C=C3C)C=C2)(=O)=O)C=C1,0.474,0.526,0.901,1,0.0641
O=S(C1=CC(C2=CC=C(C)C=C2)=C(C)C=C1)(C3=CC(C4=CC=C(C[N+](C)(C)C)C=C4)=C(OC5=CC=C(C6=CC=C(OC)C=C6)C=C5)C=C3)=O,0.62,0.38,1.632,1,0.093
O=S(C1=CC(C2=CC=C(C)C=C2)=C(C)C=C1)(C3=CC(C4=CC=C(C[N+](C)(C)C)C=C4)=C(OC5=CC=C(C6=CC=C(OC)C=C6)C=C5)C=C3)=O,0.46,0.54,0.852,1,0.0679
O=S(C1=CC(C2=CC=C(C)C=C2)=C(C)C=C1)(C3=CC(C4=CC=C(C[N+](C)(C)C)C=C4)=C(OC5=CC=C(C6=CC=C(OC)C=C6)C=C5)C=C3)=O,0.33,0.67,0.493,1,0.0473
O=S(C1=CC=C(C)C=C1)(C2=CC=C(OC3=C(C)C=C(C4=CC(C)=C(OC)C(C[N+](C)(C)C)=C4)C=C3C)C=C2)=O,0.06,0.94,0.064,1,0.0456
O=S(C1=CC=C(C)C=C1)(C2=CC=C(OC3=C(C)C=C(C4=CC(C)=C(OC)C(C[N+](C)(C)C)=C4)C=C3C)C=C2)=O,0.36,0.64,0.563,1,0.0281
CC1=C(F)C(F)=C(C2=C(F)C(F)=C(OC3=CC=C(C(C(F)(F)F)(C(F)(F)F)C4=CC=C(OC5=C(F)C(F)=C(C6=C(F)C(F)=C(OC7=CC=C(C(C(F)(F)F)(C(F)(F)F)C8=CC=C(OC9=C(F)C(F)=C(C%10=C(F)C(F)=C(OC%11=CC=C(C(C(F)(F)F)(C(F)(F)F)C%12=CC=C(OC%13=C(F)C(F)=C(C%14=C(F)C(F)=C(OC%15=CC=C(C(C(F)(F)F)(C(F)(F)F)C%16=CC=C(OC%17=C(F)C(F)=C(C%18=C(F)C(F)=C(OC%19=CC=C(C(C(F)(F)F)(C(F)(F)F)C%20=CC=C(OC%21=C(F)C(F)=C(C(C(F)=C%22F)=C(F)C(F)=C%22OC%23=CC=C(OC%24=CC=C(OC%25=C(F)C(F)=C(C%26=C(F)C(F)=C(OC%27=CC=C(OC%28=CC=C(OC%29=C(F)C(F)=C(C%30=C(F)C(F)=C(OC%31=CC=C(OC%32=CC=C(OC%33=C(F)C(F)=C(C%34=C(F)C(F)=C(OC%35=CC=C(OC%36=CC=C(OC%37=C(F)C(F)=C(C%38=C(F)C(F)=C(OC%39=CC=C(OC%40=CC=C(OC%41=C(F)C(F)=C(C%42=C(F)C(F)=C(OC%43=CC=C(OC%44=CC=C(OC%45=C(F)C(F)=C(C%46=C(F)C(F)=C(OC%47=CC=C(OC%48=CC=C(OC%49=C(F)C(F)=C(C%50=C(F)C(F)=C(OC%51=CC=C(OC%52=CC=C(OC%53=C(F)C(F)=C(C%54=C(F)C(F)=C(OC%55=CC=C(OC%56=CC=C(OC%57=C(F)C(F)=C(C%58=C(F)C(F)=C(OC%59=CC=C(OC(C(C[N+](C)(C)C)=C%60)=CC=C%60OC)C=C%59C[N+](C)(C)C)C(F)=C%58F)C(F)=C%57F)C=C%56C[N+](C)(C)C)C=C%55C[N+](C)(C)C)C(F)=C%54F)C(F)=C%53F)C=C%52C[N+](C)(C)C)C=C%51C[N+](C)(C)C)C(F)=C%50F)C(F)=C%49F)C=C%48C[N+](C)(C)C)C=C%47C[N+](C)(C)C)C(F)=C%46F)C(F)=C%45F)C=C%44C[N+](C)(C)C)C=C%43C[N+](C)(C)C)C(F)=C%42F)C(F)=C%41F)C=C%40C[N+](C)(C)C)C=C%39C[N+](C)(C)C)C(F)=C%38F)C(F)=C%37F)C=C%36C[N+](C)(C)C)C=C%35C[N+](C)(C)C)C(F)=C%34F)C(F)=C%33F)C=C%32C[N+](C)(C)C)C=C%31C[N+](C)(C)C)C(F)=C%30F)C(F)=C%29F)C=C%28C[N+](C)(C)C)C=C%27C[N+](C)(C)C)C(F)=C%26F)C(F)=C%25F)C=C%24C[N+](C)(C)C)C=C%23C[N+](C)(C)C)C(F)=C%21F)C=C%20)C=C%19)C(F)=C%18F)C(F)=C%17F)C=C%16)C=C%15)C(F)=C%14F)C(F)=C%13F)C=C%12)C=C%11)C(F)=C%10F)C(F)=C9F)C=C8)C=C7)C(F)=C6F)C(F)=C5F)C=C4)C=C3)C(F)=C2F)C(F)=C1F,0.643,0.357,1.801,1,0.06267
CC1=C(F)C(F)=C(C2=C(F)C(F)=C(OC3=CC=C(C(C(F)(F)F)(C(F)(F)F)C4=CC=C(OC5=C(F)C(F)=C(C6=C(F)C(F)=C(OC7=CC=C(C(C(F)(F)F)(C(F)(F)F)C8=CC=C(OC9=C(F)C(F)=C(C%10=C(F)C(F)=C(OC%11=CC=C(C(C(F)(F)F)(C(F)(F)F)C%12=CC=C(OC%13=C(F)C(F)=C(C%14=C(F)C(F)=C(OC%15=CC=C(C(C(F)(F)F)(C(F)(F)F)C%16=CC=C(OC%17=C(F)C(F)=C(C%18=C(F)C(F)=C(OC%19=CC=C(C(C(F)(F)F)(C(F)(F)F)C%20=CC=C(OC%21=C(F)C(F)=C(C(C(F)=C%22F)=C(F)C(F)=C%22OC%23=CC=C(OC%24=CC=C(OC%25=C(F)C(F)=C(C%26=C(F)C(F)=C(OC%27=CC=C(OC%28=CC=C(OC%29=C(F)C(F)=C(C%30=C(F)C(F)=C(OC%31=CC=C(OC%32=CC=C(OC%33=C(F)C(F)=C(C%34=C(F)C(F)=C(OC%35=CC=C(OC(C(C[N+](C)(C)C)=C%36)=CC=C%36OC)C=C%35C[N+](C)(C)C)C(F)=C%34F)C(F)=C%33F)C=C%32C[N+](C)(C)C)C=C%31C[N+](C)(C)C)C(F)=C%30F)C(F)=C%29F)C=C%28C[N+](C)(C)C)C=C%27C[N+](C)(C)C)C(F)=C%26F)C(F)=C%25F)C=C%24C[N+](C)(C)C)C=C%23C[N+](C)(C)C)C(F)=C%21F)C=C%20)C=C%19)C(F)=C%18F)C(F)=C%17F)C=C%16)C=C%15)C(F)=C%14F)C(F)=C%13F)C=C%12)C=C%11)C(F)=C%10F)C(F)=C9F)C=C8)C=C7)C(F)=C6F)C(F)=C5F)C=C4)C=C3)C(F)=C2F)C(F)=C1F,0.375,0.625,0.6,1,0.01414
CC1=C(F)C(F)=C(C2=C(F)C(F)=C(OC3=CC=C(C(C(F)(F)F)(C(F)(F)F)C4=CC=C(OC5=C(F)C(F)=C(C6=C(F)C(F)=C(OC7=CC=C(C(C(F)(F)F)(C(F)(F)F)C8=CC=C(OC9=C(F)C(F)=C(C%10=C(F)C(F)=C(OC%11=CC=C(C(C(F)(F)F)(C(F)(F)F)C%12=CC=C(OC%13=C(F)C(F)=C(C%14=C(F)C(F)=C(OC%15=CC=C(C(C(F)(F)F)(C(F)(F)F)C%16=CC=C(OC%17=C(F)C(F)=C(C%18=C(F)C(F)=C(OC%19=CC=C(C(C(F)(F)F)(C(F)(F)F)C%20=CC=C(OC%21=C(F)C(F)=C(C(C(F)=C%22F)=C(F)C(F)=C%22OC%23=CC=C(OC%24=CC=C(OC%25=C(F)C(F)=C(C%26=C(F)C(F)=C(OC%27=CC=C(OC%28=CC=C(OC%29=C(F)C(F)=C(C%30=C(F)C(F)=C(OC%31=CC=C(OC%32=CC=C(OC%33=C(F)C(F)=C(C%34=C(F)C(F)=C(OC%35=CC=C(OC%36=CC=C(OC%37=C(F)C(F)=C(C%38=C(F)C(F)=C(OC%39=CC=C(OC%40=CC=C(OC%41=C(F)C(F)=C(C%42=C(F)C(F)=C(OC%43=CC=C(OC%44=CC=C(OC%45=C(F)C(F)=C(C%46=C(F)C(F)=C(OC%47=CC=C(OC%48=CC=C(OC%49=C(F)C(F)=C(C%50=C(F)C(F)=C(OC%51=CC=C(OC%52=CC=C(OC%53=C(F)C(F)=C(C%54=C(F)C(F)=C(OC%55=CC=C(OC%56=CC=C(OC%57=C(F)C(F)=C(C%58=C(F)C(F)=C(OC%59=CC=C(OC(C(C[N+]%60=CN(C)C=C%60)=C%61)=CC=C%61OC)C=C%59C[N+]%62=CN(C)C=C%62)C(F)=C%58F)C(F)=C%57F)C=C%56C[N+]%63=CN(C)C=C%63)C=C%55C[N+]%64=CN(C)C=C%64)C(F)=C%54F)C(F)=C%53F)C=C%52C[N+]%65=CN(C)C=C%65)C=C%51C[N+]%66=CN(C)C=C%66)C(F)=C%50F)C(F)=C%49F)C=C%48C[N+]%67=CN(C)C=C%67)C=C%47C[N+]%68=CN(C)C=C%68)C(F)=C%46F)C(F)=C%45F)C=C%44C[N+]%69=CN(C)C=C%69)C=C%43C[N+]%70=CN(C)C=C%70)C(F)=C%42F)C(F)=C%41F)C=C%40C[N+]%71=CN(C)C=C%71)C=C%39C[N+]%72=CN(C)C=C%72)C(F)=C%38F)C(F)=C%37F)C=C%36C[N+]%73=CN(C)C=C%73)C=C%35C[N+]%74=CN(C)C=C%74)C(F)=C%34F)C(F)=C%33F)C=C%32C[N+]%75=CN(C)C=C%75)C=C%31C[N+]%76=CN(C)C=C%76)C(F)=C%30F)C(F)=C%29F)C=C%28C[N+]%77=CN(C)C=C%77)C=C%27C[N+]%78=CN(C)C=C%78)C(F)=C%26F)C(F)=C%25F)C=C%24C[N+]%79=CN(C)C=C%79)C=C%23C[N+]%80=CN(C)C=C%80)C(F)=C%21F)C=C%20)C=C%19)C(F)=C%18F)C(F)=C%17F)C=C%16)C=C%15)C(F)=C%14F)C(F)=C%13F)C=C%12)C=C%11)C(F)=C%10F)C(F)=C9F)C=C8)C=C7)C(F)=C6F)C(F)=C5F)C=C4)C=C3)C(F)=C2F)C(F)=C1F,0.643,0.357,1.801,1,0.02079
CC1=C(F)C(F)=C(C2=C(F)C(F)=C(OC3=CC=C(C(C(F)(F)F)(C(F)(F)F)C4=CC=C(OC5=C(F)C(F)=C(C6=C(F)C(F)=C(OC7=CC=C(C(C(F)(F)F)(C(F)(F)F)C8=CC=C(OC9=C(F)C(F)=C(C%10=C(F)C(F)=C(OC%11=CC=C(C(C(F)(F)F)(C(F)(F)F)C%12=CC=C(OC%13=C(F)C(F)=C(C%14=C(F)C(F)=C(OC%15=CC=C(C(C(F)(F)F)(C(F)(F)F)C%16=CC=C(OC%17=C(F)C(F)=C(C%18=C(F)C(F)=C(OC%19=CC=C(C(C(F)(F)F)(C(F)(F)F)C%20=CC=C(OC%21=C(F)C(F)=C(C(C(F)=C%22F)=C(F)C(F)=C%22OC%23=CC=C(OC%24=CC=C(OC%25=C(F)C(F)=C(C%26=C(F)C(F)=C(OC%27=CC=C(OC%28=CC=C(OC%29=C(F)C(F)=C(C%30=C(F)C(F)=C(OC%31=CC=C(OC%32=CC=C(OC%33=C(F)C(F)=C(C%34=C(F)C(F)=C(OC%35=CC=C(OC(C(C[N+]%36=C(C)[N+](C)=CC%36)=C%37)=CC=C%37OC)C=C%35C[N+]%38=C(C)[N+](C)=CC%38)C(F)=C%34F)C(F)=C%33F)C=C%32C[N+]%39=C(C)[N+](C)=CC%39)C=C%31C[N+]%40=C(C)[N+](C)=CC%40)C(F)=C%30F)C(F)=C%29F)C=C%28C[N+]%41=C(C)[N+](C)=CC%41)C=C%27C[N+]%42=C(C)[N+](C)=CC%42)C(F)=C%26F)C(F)=C%25F)C=C%24C[N+]%43=C(C)[N+](C)=CC%43)C=C%23C[N+]%44=C(C)[N+](C)=CC%44)C(F)=C%21F)C=C%20)C=C%19)C(F)=C%18F)C(F)=C%17F)C=C%16)C=C%15)C(F)=C%14F)C(F)=C%13F)C=C%12)C=C%11)C(F)=C%10F)C(F)=C9F)C=C8)C=C7)C(F)=C6F)C(F)=C5F)C=C4)C=C3)C(F)=C2F)C(F)=C1F,0.375,0.625,0.6,1,0.02036
CC1=C(F)C(F)=C(C2=C(F)C(F)=C(OC3=CC=C(C(C(F)(F)F)(C(F)(F)F)C4=CC=C(OC5=C(F)C(F)=C(C6=C(F)C(F)=C(OC7=CC=C(C(C(F)(F)F)(C(F)(F)F)C8=CC=C(OC9=C(F)C(F)=C(C%10=C(F)C(F)=C(OC%11=CC=C(C(C(F)(F)F)(C(F)(F)F)C%12=CC=C(OC%13=C(F)C(F)=C(C%14=C(F)C(F)=C(OC%15=CC=C(C(C(F)(F)F)(C(F)(F)F)C%16=CC=C(OC%17=C(F)C(F)=C(C%18=C(F)C(F)=C(OC%19=CC=C(C(C(F)(F)F)(C(F)(F)F)C%20=CC=C(OC%21=C(F)C(F)=C(C(C(F)=C%22F)=C(F)C(F)=C%22OC%23=CC=C(OC%24=CC=C(OC%25=C(F)C(F)=C(C%26=C(F)C(F)=C(OC%27=CC=C(OC%28=CC=C(OC%29=C(F)C(F)=C(C%30=C(F)C(F)=C(OC%31=CC=C(OC%32=CC=C(OC%33=C(F)C(F)=C(C%34=C(F)C(F)=C(OC%35=CC=C(OC(C(C[N+](C)(C)CCC)=C%36)=CC=C%36OC)C=C%35C[N+](C)(C)CCC)C(F)=C%34F)C(F)=C%33F)C=C%32C[N+](C)(C)CCC)C=C%31C[N+](C)(C)CCC)C(F)=C%30F)C(F)=C%29F)C=C%28C[N+](C)(C)CCC)C=C%27C[N+](C)(C)CCC)C(F)=C%26F)C(F)=C%25F)C=C%24C[N+](C)(C)CCCC)C=C%23C[N+](C)(C)CCCC)C(F)=C%21F)C=C%20)C=C%19)C(F)=C%18F)C(F)=C%17F)C=C%16)C=C%15)C(F)=C%14F)C(F)=C%13F)C=C%12)C=C%11)C(F)=C%10F)C(F)=C9F)C=C8)C=C7)C(F)=C6F)C(F)=C5F)C=C4)C=C3)C(F)=C2F)C(F)=C1F,0.375,0.625,0.6,1,0.00709
CC1=C(F)C(F)=C(C2=C(F)C(F)=C(OC3=CC=C(C(C(F)(F)F)(C(F)(F)F)C4=CC=C(OC5=C(F)C(F)=C(C6=C(F)C(F)=C(OC7=CC=C(C(C(F)(F)F)(C(F)(F)F)C8=CC=C(OC9=C(F)C(F)=C(C%10=C(F)C(F)=C(OC%11=CC=C(C(C(F)(F)F)(C(F)(F)F)C%12=CC=C(OC%13=C(F)C(F)=C(C%14=C(F)C(F)=C(OC%15=CC=C(C(C(F)(F)F)(C(F)(F)F)C%16=CC=C(OC%17=C(F)C(F)=C(C%18=C(F)C(F)=C(OC%19=CC=C(C(C(F)(F)F)(C(F)(F)F)C%20=CC=C(OC%21=C(F)C(F)=C(C(C(F)=C%22F)=C(F)C(F)=C%22OC%23=CC=C(OC%24=CC=C(OC%25=C(F)C(F)=C(C%26=C(F)C(F)=C(OC%27=CC=C(OC%28=CC=C(OC%29=C(F)C(F)=C(C%30=C(F)C(F)=C(OC%31=CC=C(OC%32=CC=C(OC%33=C(F)C(F)=C(C%34=C(F)C(F)=C(OC%35=CC=C(OC(C(C[N+]%36=CC=CC=C%36)=C%37)=CC=C%37OC)C=C%35C[N+]%38=CC=CC=C%38)C(F)=C%34F)C(F)=C%33F)C=C%32C[N+]%39=CC=CC=C%39)C=C%31C[N+]%40=CC=CC=C%40)C(F)=C%30F)C(F)=C%29F)C=C%28C[N+]%41=CC=CC=C%41)C=C%27C[N+]%42=CC=CC=C%42)C(F)=C%26F)C(F)=C%25F)C=C%24C[N+]%43=CC=CC=C%43)C=C%23C[N+]%44=CC=CC=C%44)C(F)=C%21F)C=C%20)C=C%19)C(F)=C%18F)C(F)=C%17F)C=C%16)C=C%15)C(F)=C%14F)C(F)=C%13F)C=C%12)C=C%11)C(F)=C%10F)C(F)=C9F)C=C8)C=C7)C(F)=C6F)C(F)=C5F)C=C4)C=C3)C(F)=C2F)C(F)=C1F,0.375,0.625,0.6,1,0.00126
CC(C1=CC(C[N+](C)(C)C)=C(OC2=CC=C(S(=O)(C3=CC=C(C)C=C3)=O)C=C2)C(C)=C1)(C4=CC=CC=C4)C5=CC(C)=C(OC)C(C)=C5,0.8,0.2,4,1,0.0121
CC(C1=CC(C[N+](C)(C)C)=C(OC2=CC=C(S(=O)(C3=CC=C(C)C=C3)=O)C=C2)C(C)=C1)(C4=CC=CC=C4)C5=CC(C[N+](C)(C)C)=C(OC)C(C)=C5,0.174,0.826,0.211,1,0.0234
CC(C1=CC(C[N+](C)(C)C)=C(OC2=CC=C(C(C3=CC=C(C)C=C3)=O)C=C2)C(C)=C1)(C4=CC=CC=C4)C5=CC(C)=C(OC)C(C)=C5,0.77,0.23,3.348,1,0.014
CC(C1=CC(C[N+](C)(C)C)=C(OC2=CC=C(C(C3=CC=C(C)C=C3)=O)C=C2)C(C)=C1)(C4=CC=CC=C4)C5=CC(C[N+](C)(C)C)=C(OC)C(C)=C5,0.265,0.735,0.361,1,0.0398
CC(C1=CC(C[N+](C)(C)C)=C(OC2=CC=C(C(C3=CC=C(C(C4=CC=C(C)C=C4)=O)C=C3)=O)C=C2)C(C)=C1)(C5=CC=CC=C5)C6=CC(C)=C(OC)C(C)=C6,0.8,0.2,4,1,0.0055
CC(C1=CC(C[N+](C)(C)C)=C(OC2=CC=C(C(C3=CC=C(C(C4=CC=C(C)C=C4)=O)C=C3)=O)C=C2)C(C)=C1)(C5=CC=CC=C5)C6=CC(C[N+](C)(C)C)=C(OC)C(C)=C6,0.296,0.704,0.42,1,0.0254
CC(C1=CC(C[N+](C)(C)C)=C(OC2=CC=C(S(C3=CC=C(C4=CC=C(C(C5=CC=C(C)C=C5)=O)C=C4)C=C3)(=O)=O)C=C2)C(C)=C1)(C6=CC=CC=C6)C7=CC(C)=C(OC)C(C)=C7,0.83,0.17,4.882,1,0.0215
CC(C1=CC(C[N+](C)(C)C)=C(OC2=CC=C(S(C3=CC=C(C4=CC=C(C(C5=CC=C(C)C=C5)=O)C=C4)C=C3)(=O)=O)C=C2)C(C)=C1)(C6=CC=CC=C6)C7=CC(C[N+](C)(C)C)=C(OC)C(C)=C7,0.275,0.725,0.379,1,0.0466
CC1=C(OC2=CC(C[N+](C)(C)C)=C(OC)C(C)=C2)C(C)=CC(C)=C1,0.4,0.6,0.667,1,0.044
CC1=C(OC2=CC(C[N+](CCCCCC)(C)C)=C(OC)C(C)=C2)C(C)=CC(C)=C1,0.6,0.4,1.5,1,0.0944
CC1=C(OC2=CC(C[N+](CCCCC[N+](C)(C)CCCCC[N+](C)(C)C)(C)C)=C(OC)C(C)=C2)C(C)=CC(C)=C1,0.3,0.7,0.429,1,0.156
CC1=C(OC2=CC(C[N+](CCCCCC[N+](C)(C)CCCCC)(C)C)=C(OC)C(C)=C2)C(C)=CC(C)=C1,0.2,0.8,0.25,1,0.1752
CC(C1=CC=C(OC2=CC=C(S(C3=CC=C(OC4=C(Cn5cc[n+](CC)c5)C=C(C(C6=CC=C(OC7=CC=C(S(C8=CC=C(OC9=CC=C(C(C%10=CC=C(OC%11=CC=C(S(C%12=CC=C(OC)C=C%12)(=O)=O)C=C%11)C=C%10)(C(F)(F)F)C(F)(F)F)C=C9)C=C8)(=O)=O)C=C7)C(C[H])=C6)(C)C)C=C4)C=C3)(=O)=O)C=C2)C(C[H])=C1)(C)C%13=CC(CBr)=C(OC)C=C%13,0.5,0.5,1,1,0.075
CC(C1=CC=C(OC2=CC=C(S(C3=CC=C(OC4=C(Cn5cc[n+](CCCCCC)c5)C=C(C(C6=CC=C(OC7=CC=C(S(C8=CC=C(OC9=CC=C(C(C%10=CC=C(OC%11=CC=C(S(C%12=CC=C(OC)C=C%12)(=O)=O)C=C%11)C=C%10)(C(F)(F)F)C(F)(F)F)C=C9)C=C8)(=O)=O)C=C7)C(C[H])=C6)(C)C)C=C4)C=C3)(=O)=O)C=C2)C(C[H])=C1)(C)C%13=CC(CBr)=C(OC)C=C%13,0.5,0.5,1,1,0.11
CC(C1=CC=C(OC2=CC=C(S(C3=CC=C(OC4=C(C[n+]5ccN(CCCCCCCCCCCC)c5)C=C(C(C6=CC=C(OC7=CC=C(S(C8=CC=C(OC9=CC=C(C(C%10=CC=C(OC%11=CC=C(S(C%12=CC=C(OC)C=C%12)(=O)=O)C=C%11)C=C%10)(C(F)(F)F)C(F)(F)F)C=C9)C=C8)(=O)=O)C=C7)C(C[H])=C6)(C)C)C=C4)C=C3)(=O)=O)C=C2)C(C[H])=C1)(C)C%13=CC(CBr)=C(OC)C=C%13,0.5,0.5,1,1,0.14
CC(C1=CC=C(OC2=CC=C(S(C3=CC=C(OC4=C(Cn5cc[n+](CCCCCCCCCCCCCCCC)c5)C=C(C(C6=CC=C(OC7=CC=C(S(C8=CC=C(OC9=CC=C(C(C%10=CC=C(OC%11=CC=C(S(C%12=CC=C(OC)C=C%12)(=O)=O)C=C%11)C=C%10)(C(F)(F)F)C(F)(F)F)C=C9)C=C8)(=O)=O)C=C7)C(C[H])=C6)(C)C)C=C4)C=C3)(=O)=O)C=C2)C(C[H])=C1)(C)C%13=CC(CBr)=C(OC)C=C%13,0.5,0.5,1,1,0.12
COC1=CC=C(C(C)(C)C2=CC=C(OC3=CC=C(S(C4=CC=C(OC5=CC=C(C(C)(C)C6=CC=C(OC7=CC=C(S(CC8C[N+]9(CCCCC9)CC8CS(C%10=CC=C(C)C=C%10)(=O)=O)(=O)=O)C=C7)C=C6)C=C5)C=C4)(=O)=O)C=C3)C=C2)C=C1,0.318,0.682,0.466,1,0.025
COC1=CC=C(C(C)(C)C2=CC=C(OC3=CC=C(S(C4=CC=C(OC5=CC=C(C(C)(C)C6=CC=C(OC7=CC=C(S(CC8C[N+]9(CCCCC9)CC8CS(C%10=CC=C(C)C=C%10)(=O)=O)(=O)=O)C=C7)C=C6)C=C5)C=C4)(=O)=O)C=C3)C=C2)C=C1,0.409,0.591,0.692,1,0.06
COC1=CC=C(C(C)(C)C2=CC=C(OC3=CC=C(S(C4=CC=C(OC5=CC=C(C(C)(C)C6=CC=C(OC7=CC=C(S(CC8C[N+]9(CCCCC9)CC8CS(C%10=CC=C(C)C=C%10)(=O)=O)(=O)=O)C=C7)C=C6)C=C5)C=C4)(=O)=O)C=C3)C=C2)C=C1,0.496,0.504,0.984,1,0.079
COC1=CC=C(C(C)(C)C2=CC=C(OC3=CC=C(S(C4=CC=C(OC5=CC=C(C(C)(C)C6=CC=C(OC7=CC=C(S(CC8C[N+]9(CCCCC9)CC8CS(C%10=CC=C(C)C=C%10)(=O)=O)(=O)=O)C=C7)C=C6)C=C5)C=C4)(=O)=O)C=C3)C=C2)C=C1,0.618,0.382,1.618,1,0.102
O=C1N(CCCCCCN(C)C)C2=CC=CC=C2C1(C)C3=CC=C(C4=CC=C(C5(C6=CC=CC=C6NC5=O)C7=CC=C(C8=CC=C(C)C=C8)C=C7)C=C4)C=C3,0.42,0.58,0.724,1,0.09388
O=C1N(CCCCCCN2CCCC2)C3=CC=CC=C3C1(C)C4=CC=C(C5=CC=C(C6(C7=CC=CC=C7NC6=O)C8=CC=C(C9=CC=C(C)C=C9)C=C8)C=C5)C=C4,0.84,0.16,5.25,1,0.04926
O=C1N(CCCCCCN2CCCCC2)C3=CC=CC=C3C1(C)C4=CC=C(C5=CC=C(C6(C7=CC=CC=C7NC6=O)C8=CC=C(C9=CC=C(C)C=C9)C=C8)C=C5)C=C4,0.6,0.4,1.5,1,0.04319
CC1=CC=C(C2=CC=C(C3=CC=C(C(C4=CC=C(C5=CC=C(C6=CC=C(C7(C)CC[N+](C)(C)CC7)C=C6)C=C5)C=C4)(C8=CC=CC=C8)C(F)(F)F)C=C3)C=C2)C=C1,0.75,0.25,3,1,0.1442
CC1=CC=C(C2=CC=C(C3=CC=C(C(C4=CC=C(C5=CC=C(C6=CC=C(C7(C)CC[N+](C)(C)CC7)C=C6)C=C5)C=C4)(C8=CC=CC=C8)C(F)(F)F)C=C3)C=C2)C=C1,0.8,0.2,4,1,0.1567
CC1=CC=C(C2=CC=C(C3=CC=C(C(C4=CC=C(C5=CC=C(C6=CC=C(C7(C)CC[N+](C)(C)CC7)C=C6)C=C5)C=C4)(C8=CC=CC=C8)C(F)(F)F)C=C3)C=C2)C=C1,0.85,0.15,5.667,1,0.16902
CC1=CC=C(C2=CC=C(C(C3=CC=C(C4=CC=C(C5(C)CC[N+](C)(C)CC5)C=C4)C=C3)(C6=CC=CC=C6)C(F)(F)F)C=C2)C=C1,0.6,0.4,1.5,1,0.12572
CC1=CC=C(C2=CC=C(C(C3=CC=C(C4=CC=C(C5(C)CC[N+](C)(C)CC5)C=C4)C=C3)(C6=CC=CC=C6)C(F)(F)F)C=C2)C=C1,0.7,0.3,2.333,1,0.1442
CC1=CC(C)=C(CCCCCC[N+]2(C)CCCCCC2)C(C)=C1OC3=C(CCCCCC[N+]4(C)CCCCCC4)C(C)=C(OC5=C(CCCCCC[N+]6(C)CCCCCC6)C(C)=C(OC7=C(CCCCCC[N+]8(C)CCCCCC8)C(C)=C(OC9=C(CCCCCC[N+]%10(C)CCCCCC%10)C(C)=C(OC%11=C(CCCCCC[N+]%12(C)CCCCCC%12)C(C)=C(OC%13=C(CCCCCC[N+]%14(C)CCCCCC%14)C(C)=C(OC%15=C(CCCCCC[N+]%16(C)CCCCCC%16)C(C)=C(OC%17=C(CCCCCC[N+]%18(C)CCCCCC%18)C(C)=C(OC%19=C(CCCCCC[N+]%20(C)CCCCCC%20)C(C)=C(OC%21=C(CCCCCC[N+]%22(C)CCCCCC%22)C(C)=C(OC%23=C(CCCCCC[N+]%24(C)CCCCCC%24)C(C)=C(OC%25=C(CCCCCC[N+]%26(C)CCCCCC%26)C(C)=C(OC%27=C(CCCCCC[N+]%28(C)CCCCCC%28)C(C)=C(OC%29=C(CCCCCC[N+]%30(C)CCCCCC%30)C(C)=C(OC%31=C(CCCCCC[N+]%32(C)CCCCCC%32)C(C)=C(OC%33=C(CCCCCC[N+]%34(C)CCCCCC%34)C(C)=C(OC%35=C(CCCCCC[N+]%36(C)CCCCCC%36)C(C)=C(OC%37=C(CCCCCC[N+]%38(C)CCCCCC%38)C(C)=C(OC%39=C(CCCCCC[N+]%40(C)CCCCCC%40)C(C)=C(OC%41=C(CCCCCC[N+]%42(C)CCCCCC%42)C(C)=C(OC%43=C(CCCCCC[N+]%44(C)CCCCCC%44)C(C)=C(OC%45=C(CCCCCC[N+]%46(C)CCCCCC%46)C(C)=C(OC%47=C(CCCCCC[N+]%48(C)CCCCCC%48)C(C)=C(OC%49=C(F)C(F)=C(OC%50=CC=C(C(C%51=CC=C(OC%52=CC=C(S(C%53=CC=C(OC%54=CC=C(C(C%55=CC=C(OC%56=C(F)C(F)=C(OC%57=C(C)C(CCCCCC[N+]%58(C)CCCCCC%58)=C(C)C=C%57C)C(F)=C%56F)C(C)=C%55)(C(F)(F)F)C(F)(F)F)C=C%54)C=C%53)(=O)=O)C=C%52)C=C%51)(C(F)(F)F)C(F)(F)F)C=C%50)C(F)=C%49F)C(C)=C%47)C(C)=C%45)C(C)=C%43)C(C)=C%41)C(C)=C%39)C(C)=C%37)C(C)=C%35)C(C)=C%33)C(C)=C%31)C(C)=C%29)C(C)=C%27)C(C)=C%25)C(C)=C%23)C(C)=C%21)C(C)=C%19)C(C)=C%17)C(C)=C%15)C(C)=C%13)C(C)=C%11)C(C)=C9)C(C)=C7)C(C)=C5)C(C)=C3,0.502,0.498,1.007,1,0.04743
CC1=CC(C)=C(CCCCCC[N+]2(C)CCCCCC2)C(C)=C1OC3=C(CCCCCC[N+]4(C)CCCCCC4)C(C)=C(OC5=C(CCCCCC[N+]6(C)CCCCCC6)C(C)=C(OC7=C(CCCCCC[N+]8(C)CCCCCC8)C(C)=C(OC9=C(CCCCCC[N+]%10(C)CCCCCC%10)C(C)=C(OC%11=C(CCCCCC[N+]%12(C)CCCCCC%12)C(C)=C(OC%13=C(CCCCCC[N+]%14(C)CCCCCC%14)C(C)=C(OC%15=C(CCCCCC[N+]%16(C)CCCCCC%16)C(C)=C(OC%17=C(CCCCCC[N+]%18(C)CCCCCC%18)C(C)=C(OC%19=C(CCCCCC[N+]%20(C)CCCCCC%20)C(C)=C(OC%21=C(CCCCCC[N+]%22(C)CCCCCC%22)C(C)=C(OC%23=C(CCCCCC[N+]%24(C)CCCCCC%24)C(C)=C(OC%25=C(CCCCCC[N+]%26(C)CCCCCC%26)C(C)=C(OC%27=C(CCCCCC[N+]%28(C)CCCCCC%28)C(C)=C(OC%29=C(CCCCCC[N+]%30(C)CCCCCC%30)C(C)=C(OC%31=C(CCCCCC[N+]%32(C)CCCCCC%32)C(C)=C(OC%33=C(CCCCCC[N+]%34(C)CCCCCC%34)C(C)=C(OC%35=C(CCCCCC[N+]%36(C)CCCCCC%36)C(C)=C(OC%37=C(CCCCCC[N+]%38(C)CCCCCC%38)C(C)=C(OC%39=C(CCCCCC[N+]%40(C)CCCCCC%40)C(C)=C(OC%41=C(CCCCCC[N+]%42(C)CCCCCC%42)C(C)=C(OC%43=C(CCCCCC[N+]%44(C)CCCCCC%44)C(C)=C(OC%45=C(CCCCCC[N+]%46(C)CCCCCC%46)C(C)=C(OC%47=C(CCCCCC[N+]%48(C)CCCCCC%48)C(C)=C(OC%49=C(F)C(F)=C(OC%50=CC=C(C(C%51=CC=C(OC%52=CC=C(S(C%53=CC=C(OC%54=CC=C(C(C%55=CC=C(OC%56=C(F)C(F)=C(OC%57=C(C)C(CCCCCC[N+]%58(C)CCCCCC%58)=C(C)C=C%57C)C(F)=C%56F)C(C)=C%55)(C(F)(F)F)C(F)(F)F)C=C%54)C=C%53)(=O)=O)C=C%52)C=C%51)(C(F)(F)F)C(F)(F)F)C=C%50)C(F)=C%49F)C(C)=C%47)C(C)=C%45)C(C)=C%43)C(C)=C%41)C(C)=C%39)C(C)=C%37)C(C)=C%35)C(C)=C%33)C(C)=C%31)C(C)=C%29)C(C)=C%27)C(C)=C%25)C(C)=C%23)C(C)=C%21)C(C)=C%19)C(C)=C%17)C(C)=C%15)C(C)=C%13)C(C)=C%11)C(C)=C9)C(C)=C7)C(C)=C5)C(C)=C3,0.567,0.433,1.309,1,0.07126
CC1=CC(C)=C(CCCCCC[N+]2(C)CCCCCC2)C(C)=C1OC3=C(CCCCCC[N+]4(C)CCCCCC4)C(C)=C(OC5=C(CCCCCC[N+]6(C)CCCCCC6)C(C)=C(OC7=C(CCCCCC[N+]8(C)CCCCCC8)C(C)=C(OC9=C(CCCCCC[N+]%10(C)CCCCCC%10)C(C)=C(OC%11=C(CCCCCC[N+]%12(C)CCCCCC%12)C(C)=C(OC%13=C(CCCCCC[N+]%14(C)CCCCCC%14)C(C)=C(OC%15=C(CCCCCC[N+]%16(C)CCCCCC%16)C(C)=C(OC%17=C(CCCCCC[N+]%18(C)CCCCCC%18)C(C)=C(OC%19=C(CCCCCC[N+]%20(C)CCCCCC%20)C(C)=C(OC%21=C(CCCCCC[N+]%22(C)CCCCCC%22)C(C)=C(OC%23=C(CCCCCC[N+]%24(C)CCCCCC%24)C(C)=C(OC%25=C(CCCCCC[N+]%26(C)CCCCCC%26)C(C)=C(OC%27=C(CCCCCC[N+]%28(C)CCCCCC%28)C(C)=C(OC%29=C(CCCCCC[N+]%30(C)CCCCCC%30)C(C)=C(OC%31=C(CCCCCC[N+]%32(C)CCCCCC%32)C(C)=C(OC%33=C(CCCCCC[N+]%34(C)CCCCCC%34)C(C)=C(OC%35=C(CCCCCC[N+]%36(C)CCCCCC%36)C(C)=C(OC%37=C(CCCCCC[N+]%38(C)CCCCCC%38)C(C)=C(OC%39=C(CCCCCC[N+]%40(C)CCCCCC%40)C(C)=C(OC%41=C(CCCCCC[N+]%42(C)CCCCCC%42)C(C)=C(OC%43=C(CCCCCC[N+]%44(C)CCCCCC%44)C(C)=C(OC%45=C(CCCCCC[N+]%46(C)CCCCCC%46)C(C)=C(OC%47=C(CCCCCC[N+]%48(C)CCCCCC%48)C(C)=C(OC%49=C(F)C(F)=C(OC%50=CC=C(C(C%51=CC=C(OC%52=CC=C(S(C%53=CC=C(OC%54=CC=C(C(C%55=CC=C(OC%56=C(F)C(F)=C(OC%57=C(C)C(CCCCCC[N+]%58(C)CCCCCC%58)=C(C)C=C%57C)C(F)=C%56F)C(C)=C%55)(C(F)(F)F)C(F)(F)F)C=C%54)C=C%53)(=O)=O)C=C%52)C=C%51)(C(F)(F)F)C(F)(F)F)C=C%50)C(F)=C%49F)C(C)=C%47)C(C)=C%45)C(C)=C%43)C(C)=C%41)C(C)=C%39)C(C)=C%37)C(C)=C%35)C(C)=C%33)C(C)=C%31)C(C)=C%29)C(C)=C%27)C(C)=C%25)C(C)=C%23)C(C)=C%21)C(C)=C%19)C(C)=C%17)C(C)=C%15)C(C)=C%13)C(C)=C%11)C(C)=C9)C(C)=C7)C(C)=C5)C(C)=C3,0.725,0.275,2.636,1,0.10556107
CC1=CC(C)=C(OC2=CC(CBr)=C(OC)C(C)=C2)C(C)=C1,0.3,0.7,0.429,1,0.03982
CC1=CC(C)=C(OC2=CC(C)=C(OCN3N=NC(C[N+]4(CCCCCCC4)C)=C3)C(C)=C2)C(C)=C1,0.3,0.7,0.429,1,0.05282
CC1=CC(C)=C(OC2=CC(C)=C(OCN3N=NC(CCCC[N+]4(C)CCCCC4)=C3)C(C)=C2)C(C)=C1,0.3,0.7,0.429,1,0.06485
CC1=CC(C)=C(OC2=CC(CN3N=NC(C[N+](C)(C)CCCC)=C3)=C(OC)C=C2)C(C)=C1,0.2,0.8,0.16,1,0.0114
CC1=CC(C)=C(OC2=CC(CN3N=NC(C[N+](C)(C)CCCC)=C3)=C(OC)C=C2)C(C)=C1,0.3,0.7,0.429,1,0.041
CC1=CC(C)=C(OC2=CC(CN3N=NC(CCCCC[N+](C)(C)C)=C3)=C(OC)C=C2)C(C)=C1,0.14,0.86,0.163,1,0.0386
CC1=CC(C)=C(OC2=CC(CN3N=NC(CCCCC[N+](C)(C)C)=C3)=C(OC)C=C2)C(C)=C1,0.2,0.8,0.16,1,0.0534
CC1=CC(C)=C(OC2=CC(CN3N=NC(CCCCC[N+](C)(C)C)=C3)=C(OC)C=C2)C(C)=C1,0.3,0.7,0.429,1,0.089
CC1=CC(C)=C(OC2=CC(CN3N=NC(C[N+](C)(C)CCCC)=C3)=C(OC)C=C2)C(C)=C1,0.2,0.8,0.16,1,0.0098
CC1=CC(C)=C(OC2=CC(CN3N=NC(C[N+](C)(C)CCCC)=C3)=C(OC)C=C2)C(C)=C1,0.3,0.7,0.429,1,0.0225
CC1=CC(C)=C(OC2=CC(CN3N=NC(C[N+](C)(C)CCCC)=C3)=C(OC)C=C2)C(C)=C1,0.4,0.6,0.667,1,0.0322
CC1=CC(C)=C(OC2=CC(CN3N=NC(CCCCC[N+](CCCCCCCCCCCCCCCCCC)(C)C)=C3)=C(OC)C=C2)C(C)=C1,0.2,0.8,0.16,1,0.0213
CC1=CC(C)=C(OC2=CC(CN3N=NC(CCCCC[N+](CCCCCCCCCCCCCCCCCC)(C)C)=C3)=C(OC)C=C2)C(C)=C1,0.3,0.7,0.429,1,0.0386
CC1=CC=C(C2=CC=C(C3=CC=C(C4(C)CC[N+](C)(C)CC4)C=C3)C=C2)C=C1,0.5,0.5,1,1,0.137
CC1(CC[NH+](C)CC1)C(C=C2)=CC=C2C3=CC=C(C4=CC=C(C)C=C4)C=C3,0.5,0.5,1,0,0.12085
C[N+](CC1)(C)CCC1(C2=CC=C(C3=CC=C(C4=CC=C(C5(CC[N+](C)(C)CC5)C)C=C4)C=C3)C=C2)C6=CC=C(CCC7=CC=C(C)C=C7)C=C6,0.75,0.25,3,0,0.16496
C[N+](CC1)(C)CCC1(C2=CC=C(C3=CC=C(C4=CC=C(C5(CC[N+](C)(C)CC5)C)C=C4)C=C3)C=C2)C6=CC=C(CCC7=CC=C(C)C=C7)C=C6,0.5,0.5,1,1,0.1578
CC(C1=CC=C(C2=CC3=C(C4=C(C3CCCCCCC[N+](C)(C)C)C(CCCCCCC[N+](C)(C)C)=CC(C5=CC=C(C(C6=CC=CC=C6)(C7=CC=C(C8=CC9=C(C%10=C(C9(CCCCCCCC)CCCCCCCC)C=CC(C%11=CC=C(C)C=C%11)=C%10)C=C8)C=C7)C(F)(F)F)C=C5)=C4)C=C2)C=C1)(C(F)(F)F)C%12=CC=CC=C%12,0.89,0.11,8.091,1,0.107
CC(C1=CC=C(C2=CC3=C(C4=C(C3CCCCCCC[N+]5(C)CCCCC5)C(CCCCCCC[N+]6(C)CCCCC6)=CC(C7=CC=C(C(C8=CC=CC=C8)(C9=CC=C(C%10=CC%11=C(C%12=C(C%11(CCCCCCCC)CCCCCCCC)C=CC(C%13=CC=C(C)C=C%13)=C%12)C=C%10)C=C9)C(F)(F)F)C=C7)=C4)C=C2)C=C1)(C(F)(F)F)C%14=CC=CC=C%14,0.89,0.11,8.091,1,0.075
CC(C(F)(F)F)(C1=CC=CC=C1)C2=CC=C(C=C2)C3=CC4=C(C=C3)C5=C(C(CCCCCCC[N+]67CCC(CC7)CC6)=CC(C8=CC=C(C=C8)C(C9=CC=C(C=C9)C%10=CC%11=C(C=C%10)C%12=C(C=CC(C%13=CC=C(C=C%13)C)=C%12)C%11(CCCCCCCC)CCCCCCCC)(C(F)(F)F)C%14=CC=CC=C%14)=C5)C4CCCCCCC[N+]%15%16CCC(CC%16)CC%15,0.89,0.11,8.091,1,0.1
O=C(N1CC[N+]2(C)CCCCC2)C3=CC=CC=C3C1(C4=CC=C(OC5=CC=CC(S(=O)(C6=CC=C(OC7=CC=C(C8=CC=C(OC9=CC=C(S(=O)(C%10=CC=C(C)C=C%10)=O)C=C9)C=C8)C=C7)C=C6)=O)=C5)C=C4)C%11=CC=C(OC)C=C%11,0.996,0.004,249,1,0.056
O=C(N1CC[N+]2(C)CCCCC2)C3=CC=CC=C3C1(C4=CC=C(OC5=CC=CC(S(=O)(C6=CC=C(OC7=CC=C(C8=CC=C(OC9=CC=C(S(=O)(C%10=CC=C(C)C=C%10)=O)C=C9)C=C8)C=C7)C=C6)=O)=C5)C=C4)C%11=CC=C(OC)C=C%11,0.797,0.203,3.926,1,0.053
O=C(N1CC[N+]2(C)CCOCC2)C3=CC=CC=C3C1(C4=CC=C(OC5=CC=CC(S(=O)(C6=CC=C(OC7=CC=C(C8=CC=C(OC9=CC=C(S(=O)(C%10=CC=C(C)C=C%10)=O)C=C9)C=C8)C=C7)C=C6)=O)=C5)C=C4)C%11=CC=C(OC)C=C%11,0.978,0.022,44.455,1,0.048
O=C(N1CC[N+]2(C)CCOCC2)C3=CC=CC=C3C1(C4=CC=C(OC5=CC=CC(S(=O)(C6=CC=C(OC7=CC=C(C8=CC=C(OC9=CC=C(S(=O)(C%10=CC=C(C)C=C%10)=O)C=C9)C=C8)C=C7)C=C6)=O)=C5)C=C4)C%11=CC=C(OC)C=C%11,0.752,0.248,3.032,1,0.04
O=C(N1CC[N+]2(C)CCCC2)C3=CC=CC=C3C1(C4=CC=C(OC5=CC=CC(S(=O)(C6=CC=C(OC7=CC=C(C8=CC=C(OC9=CC=C(S(=O)(C%10=CC=C(C)C=C%10)=O)C=C9)C=C8)C=C7)C=C6)=O)=C5)C=C4)C%11=CC=C(OC)C=C%11,0.974,0.026,37.462,1,0.059
O=C(N1CC[N+]2(C)CCCC2)C3=CC=CC=C3C1(C4=CC=C(OC5=CC=CC(S(=O)(C6=CC=C(OC7=CC=C(C8=CC=C(OC9=CC=C(S(=O)(C%10=CC=C(C)C=C%10)=O)C=C9)C=C8)C=C7)C=C6)=O)=C5)C=C4)C%11=CC=C(OC)C=C%11,0.785,0.215,3.651,1,0.055
CC1=CC(C)=CC(CN2CC[N+]3(CCCCC3)CC2)=C1C4=CC(C)=C(OC)C(C)=C4,0.2,0.8,0.25,1,0.0408
CC1=CC(C)=CC(CN2CC[N+]3(CCCCC3)CC2)=C1C4=CC(C)=C(OC)C(C)=C4,0.27,0.73,0.37,1,0.05011
CC1=CC(C)=CC(CN2CC[N+]3(CCCCC3)CC2)=C1C4=CC(C)=C(OC)C(C)=C4,0.36,0.64,0.563,1,0.07691
CC1=CC(C)=CC(C[N+]2(C)CC[N+]3(CCCCC3)CC2)=C1C4=CC(C)=C(OC)C(C)=C4,0.2,0.8,0.25,1,0.04817
CC1=CC(C)=CC(C[N+]2(C)CC[N+]3(CCCCC3)CC2)=C1C4=CC(C)=C(OC)C(C)=C4,0.27,0.73,0.37,1,0.07028
O=C1C(C2=CC=CC=C2N1CCCCCC[N+](C)(C)C)(C)C3=CC=C(C4=CC=C(C5=CC=C(C)C=C5)C=C4)C=C3,0.5,0.5,1,1,0.0971
O=C1C(C2=CC=CC=C2N1CCCCCC[N+](C)(C)C)(C)C3=CC=C(C4=CC=C(C5=CC=C(C)C=C5)C=C4)C=C3,0.8,0.2,4,0,0.11556
O=C1C(C2=CC=CC=C2N1CCCCCC[N+](C)(C)C)(C)C3=CC=C(C4=CC=C(C5=CC=C(C)C=C5)C=C4)C=C3,0.7,0.3,2.333,1,0.13594
O=C1C(C2=CC=CC=C2N1CCCCCC[N+](C)(C)C)(C)C3=CC=C(C4=CC=C(C5=CC=C(C)C=C5)C=C4)C=C3,0.6,0.4,1.5,1,0.15159
CC1=CC=C(C2=CC=C(C3(CC[N+]4(CCCC4)CC3)C5=CC=C(C6=CC=C(C(C)(C7=CC=CC=C7)C(F)(F)F)C=C6)C=C5)C=C2)C=C1,0.598,0.402,1.488,1,0.06508
CC1=CC=C(C2=CC=C(C3(CC[N+]4(CCCCC4)CC3)C5=CC=C(C6=CC=C(C(C)(C7=CC=CC=C7)C(F)(F)F)C=C6)C=C5)C=C2)C=C1,0.739,0.261,2.831,1,0.09541
CC1=CC=C(C2=CC=C(C3(CC[N+]4(CCCC4)CC3)C5=CC=C(C6=CC=C(C(C)(C7=CC=CC=C7)C(F)(F)F)C=C6)C=C5)C=C2)C=C1,0.746,0.254,2.937,1,0.10068
CC1=CC=C(C2=CC=C(C3(CC[N+]4(CCCC4)CC3)C5=CC=C(C6=CC=C(C(C)(C)C(F)(F)F)C=C6)C=C5)C=C2)C=C1,0.678,0.332,2.106,1,0.09522
CC1=CC=C(C2=CC=C(C3(CC[N+]4(CCCCC4)CC3)C5=CC=C(C6=CC=C(C(C)(C)C(F)(F)F)C=C6)C=C5)C=C2)C=C1,0.645,0.355,1.817,1,0.10463
CC1=CC(CCCCCCC[N+](C)(C)C)=C(OC2=CC(C)=C(OC)C(C)=C2)C(C)=C1,0.136,0.864,0.157,1,0.00115
CC1=CC(CCCCCCC[N+](C)(C)C)=C(OC2=CC(C)=C(OC)C(C)=C2)C(C)=C1,0.217,0.783,0.277,1,0.03914
CC1=CC(CCCCCCC[N+](C)(C)C)=C(OC2=CC(C)=C(OC)C(C)=C2)C(C)=C1,0.24,0.76,0.316,1,0.05101
CC1=CC(CCCCCCC[N+](C)(C)C)=C(OC2=CC(C)=C(OC)C(C)=C2)C(C)=C1,0.286,0.714,0.401,1,0.06337
CC1=CC(CCCCCCC[N+](C)(C)C)=C(OC2=CC(C)=C(OC)C(C)=C2)C(C)=C1,0.363,0.637,0.57,1,0.0829
CC1=CC(C[N+](C)(C)C)=C(OC2=CC(C)=C(OC)C(C)=C2)C(C)=C1,0.126,0.874,0.144,1,0.00793
CC1=CC(C[N+](C)(C)C)=C(OC2=CC(C)=C(OC)C(C)=C2)C(C)=C1,0.247,0.753,0.328,1,0.01242
C[N+](CC1)(C)CCC1(C)C(C=C2)=CC=C2C(C=C3)=CC=C3C4=CC=C(C)C=C4,0.5,0.5,1,1,0.13332
CC(C1=CC=CC=C1)(C(F)(F)F)C(C=C2)=CC=C2C(C=C3)=CC=C3C4=CC=C(C5(CC[N+](C)(C)CC5)C(C=C6)=CC=C6C(C=C7)=CC=C7C8=CC=C(C)C=C8)C=C4,0.83,0.17,4.882,0,0.13707
CC1=CC=C(C2=CC=CC(C3=CC=C(C(C4CC[N+]5(CCCCC5)CC4)(C)C(F)(F)F)C=C3)=C2)C=C1,0.5,0.5,1,1,0.15706
CC1=CC=C(C2=CC=C(C3=CC=C(C(C4CC[N+](C)(C)CC4)(C)C(F)(F)F)C=C3)C=C2)C=C1,0.5,0.5,1,0,0.17819
CC1=CC=C(C2=CC=C(C3=CC=C(C(C4CC[N+]5(CCCCC5)CC4)(C)C(F)(F)F)C=C3)C=C2)C=C1,0.5,0.5,1,0,0.14711
CC1=CC=C(C2=CC=CC(C3=CC=C(C(C4CC[N+](C)(C)CC4)(C)C(F)(F)F)C=C3)=C2)C=C1,0.5,0.5,1,0,0.16904
CC1=CC(C)=C(OC2=CC(C[N+]3(C)CCCCC3)=C(OC)C(C)=C2)C(C)=C1,0.34,0.66,0.515,0,0.05625
CC1=CC(C)=C(OC2=CC(COC3CC[N+](C)(C)CC3)=C(OC)C(C)=C2)C(C)=C1,0.34,0.66,0.515,1,0.06349
CC1=CC(C)=C(OC2=CC(C[N+]3(C)CCC(O)CC3)=C(OC)C(C)=C2)C(C)=C1,0.34,0.66,0.515,1,0.06541
CC(CCC(CCCCCCCCC[N+](C)(C)C)C)CCC1=CC=C(F)C=C1,0.2,0.8,0.25,1,0.06976038
CC(CCC(CCCCCCCCC[N+](C)(C)C)C)CCC1=CC=C([H])C=C1,0.22,0.78,0.282,1,0.06783506
CC1=C(C2=CC=C(OCCCCCN3C4=C(C5=C3C(Br)=CC(C6=CC(C[N+](C)(C)C)=C(Br)C(C[H])=C6)=C5)C=C(C7=CC(C[N+](C)(C)C)=C(C)C(C[N+](C)(C)C)=C7)C=C4Br)C=C2)C=C(OC8=CC=C(C(C9=CC=C(OC%10=CC=C(C(C(F)(F)F)(C(F)(F)F)C%11=CC=C(OC%12=CC=C(C(C%13=CC=C(OC)C=C%13)=O)C=C%12)C=C%11)C=C%10)C=C9)=O)C=C8)C=C1,0.5,0.5,1,1,0.05063
CC1=C(C2=CC=C(OCCCCCN3C4=C(C5=C3C(Br)=CC(C6=CC(C[N+](C)(C)C)=C(Br)C(C[H])=C6)=C5)C=C(C7=CC(C[N+](C)(C)C)=C(C)C(C[N+](C)(C)C)=C7)C=C4Br)C=C2)C=C(OC8=CC=C(C(C9=CC=C(OC%10=CC=C(C(C(F)(F)F)(C(F)(F)F)C%11=CC=C(OC%12=CC=C(C(C%13=CC=C(OC)C=C%13)=O)C=C%12)C=C%11)C=C%10)C=C9)=O)C=C8)C=C1,0.6,0.4,1.5,1,0.07172
CC1=C(C2=CC=C(OCCCCCN3C4=C(C5=C3C(Br)=CC(C6=CC(C[N+](C)(C)C)=C(Br)C(C[H])=C6)=C5)C=C(C7=CC(C[N+](C)(C)C)=C(C)C(C[N+](C)(C)C)=C7)C=C4Br)C=C2)C=C(OC8=CC=C(C(C9=CC=C(OC%10=CC=C(C(C(F)(F)F)(C(F)(F)F)C%11=CC=C(OC%12=CC=C(C(C%13=CC=C(OC)C=C%13)=O)C=C%12)C=C%11)C=C%10)C=C9)=O)C=C8)C=C1,0.7,0.3,2.333,1,0.09873
